ticker,name,sector,market
1301.T,極洋,水産・農林業,プライム
1332.T,ニッスイ,水産・農林業,プライム
1333.T,マルハニチロ,水産・農林業,プライム
1375.T,ユキグニファクトリー,水産・農林業,プライム
1376.T,カネコ種苗,水産・農林業,スタンダード
1377.T,サカタのタネ,水産・農林業,プライム
1379.T,ホクト,水産・農林業,プライム
1380.T,秋川牧園,水産・農林業,スタンダード
1381.T,アクシーズ,水産・農林業,スタンダード
1382.T,ホーブ,水産・農林業,スタンダード
1383.T,ベルグアース,水産・農林業,スタンダード
1384.T,ホクリヨウ,水産・農林業,スタンダード
1401.T,エムビーエス,建設業,グロース
1407.T,ウエストホールディングス,建設業,スタンダード
1414.T,ショーボンドホールディングス,建設業,プライム
1417.T,ミライト・ワン,建設業,プライム
1418.T,インターライフホールディングス,建設業,スタンダード
1419.T,タマホーム,建設業,プライム
1420.T,サンヨーホームズ,建設業,スタンダード
1429.T,日本アクア,建設業,プライム
1430.T,ファーストコーポレーション,建設業,スタンダード
1431.T,Ｌｉｂ　Ｗｏｒｋ,建設業,グロース
1433.T,ベステラ,建設業,プライム
1434.T,ＪＥＳＣＯホールディングス,建設業,スタンダード
1435.T,ｒｏｂｏｔ　ｈｏｍｅ,不動産業,スタンダード
1436.T,グリーンエナジー＆カンパニー,建設業,グロース
1438.T,岐阜造園,建設業,スタンダード
1443.T,技研ホールディングス,建設業,スタンダード
1444.T,ニッソウ,建設業,グロース
1446.T,キャンディル,建設業,スタンダード
1447.T,ＳＡＡＦホールディングス,建設業,グロース
1450.T,ＴＡＮＡＫＥＮ,建設業,スタンダード
1491.T,中外鉱業,非鉄金属,スタンダード
1514.T,住石ホールディングス,鉱業,スタンダード
1515.T,日鉄鉱業,鉱業,プライム
1518.T,三井松島ホールディングス,その他製品,プライム
1605.T,ＩＮＰＥＸ,鉱業,プライム
1662.T,石油資源開発,鉱業,プライム
1663.T,Ｋ＆Ｏエナジーグループ,鉱業,プライム
1711.T,ＳＤＳホールディングス,建設業,スタンダード
1716.T,第一カッター興業,建設業,スタンダード
1717.T,明豊ファシリティワークス,サービス業,スタンダード
1718.T,美樹工業,建設業,スタンダード
1719.T,安藤・間,建設業,プライム
1720.T,東急建設,建設業,プライム
1721.T,コムシスホールディングス,建設業,プライム
1723.T,日本電技,建設業,スタンダード
1724.T,シンクレイヤ,建設業,スタンダード
1726.T,ビーアールホールディングス,建設業,プライム
1736.T,オーテック,建設業,スタンダード
1758.T,太洋基礎工業,建設業,スタンダード
1762.T,高松コンストラクショングループ,建設業,プライム
1764.T,工藤建設,建設業,スタンダード
1766.T,東建コーポレーション,建設業,プライム
1768.T,ソネック,建設業,スタンダード
1770.T,藤田エンジニアリング,建設業,スタンダード
1776.T,三井住建道路,建設業,スタンダード
1780.T,ヤマウラ,建設業,プライム
1783.T,ｆａｎｔａｓｉｓｔａ,不動産業,スタンダード
1786.T,オリエンタル白石,建設業,プライム
1787.T,ナカボーテック,建設業,スタンダード
1788.T,三東工業社,建設業,スタンダード
1793.T,大本組,建設業,スタンダード
1795.T,マサル,建設業,スタンダード
1798.T,守谷商会,建設業,スタンダード
1799.T,第一建設工業,建設業,スタンダード
1801.T,大成建設,建設業,プライム
1802.T,大林組,建設業,プライム
1803.T,清水建設,建設業,プライム
1807.T,佐藤渡辺,建設業,スタンダード
1808.T,長谷工コーポレーション,建設業,プライム
1810.T,松井建設,建設業,スタンダード
1811.T,錢高組,建設業,スタンダード
1812.T,鹿島建設,建設業,プライム
1813.T,不動テトラ,建設業,プライム
1814.T,大末建設,建設業,プライム
1815.T,鉄建建設,建設業,プライム
1820.T,西松建設,建設業,プライム
1822.T,大豊建設,建設業,スタンダード
1826.T,佐田建設,建設業,スタンダード
1827.T,ナカノフドー建設,建設業,スタンダード
1828.T,田辺工業,建設業,スタンダード
1833.T,奥村組,建設業,プライム
1835.T,東鉄工業,建設業,プライム
1840.T,土屋ホールディングス,建設業,スタンダード
1841.T,サンユー建設,建設業,スタンダード
1844.T,大盛工業,建設業,スタンダード
1847.T,イチケン,建設業,スタンダード
1848.T,富士ピー・エス,建設業,スタンダード
1850.T,南海辰村建設,建設業,スタンダード
1852.T,淺沼組,建設業,プライム
1853.T,森組,建設業,スタンダード
1860.T,戸田建設,建設業,プライム
1861.T,熊谷組,建設業,プライム
1866.T,北野建設,建設業,スタンダード
1867.T,植木組,建設業,スタンダード
1870.T,矢作建設工業,建設業,プライム
1871.T,ピーエス・コンストラクション,建設業,プライム
1873.T,日本ハウスホールディングス,建設業,プライム
1878.T,大東建託,不動産業,プライム
1879.T,新日本建設,建設業,プライム
1882.T,東亜道路工業,建設業,プライム
1885.T,東亜建設工業,建設業,プライム
1887.T,日本国土開発,建設業,プライム
1888.T,若築建設,建設業,プライム
1893.T,五洋建設,建設業,プライム
1897.T,金下建設,建設業,スタンダード
1898.T,世紀東急工業,建設業,プライム
1899.T,福田組,建設業,プライム
1904.T,大成温調,建設業,スタンダード
1905.T,テノックス,建設業,スタンダード
1909.T,日本ドライケミカル,機械,スタンダード
1911.T,住友林業,建設業,プライム
1914.T,日本基礎技術,建設業,スタンダード
1921.T,巴コーポレーション,建設業,スタンダード
1925.T,大和ハウス工業,建設業,プライム
1926.T,ライト工業,建設業,プライム
1928.T,積水ハウス,建設業,プライム
1929.T,日特建設,建設業,プライム
1930.T,北陸電気工事,建設業,プライム
1934.T,ユアテック,建設業,プライム
1938.T,日本リーテック,建設業,プライム
1939.T,四電工,建設業,プライム
1941.T,中電工,建設業,プライム
1942.T,関電工,建設業,プライム
1944.T,きんでん,建設業,プライム
1945.T,東京エネシス,建設業,プライム
1946.T,トーエネック,建設業,プライム
1948.T,弘電社,建設業,スタンダード
1949.T,住友電設,建設業,プライム
1950.T,日本電設工業,建設業,プライム
1951.T,エクシオグループ,建設業,プライム
1952.T,新日本空調,建設業,プライム
1959.T,クラフティア,建設業,プライム
1960.T,サンテック,建設業,スタンダード
1961.T,三機工業,建設業,プライム
1963.T,日揮ホールディングス,建設業,プライム
1964.T,中外炉工業,建設業,プライム
1965.T,テクノ菱和,建設業,スタンダード
1966.T,高田工業所,建設業,スタンダード
1967.T,ヤマト,建設業,スタンダード
1968.T,太平電業,建設業,プライム
1969.T,高砂熱学工業,建設業,プライム
1972.T,三晃金属工業,建設業,スタンダード
1975.T,朝日工業社,建設業,プライム
1976.T,明星工業,建設業,プライム
1979.T,大氣社,建設業,プライム
1980.T,ダイダン,建設業,プライム
1981.T,協和日成,建設業,スタンダード
1982.T,日比谷総合設備,建設業,プライム
1992.T,神田通信機,建設業,スタンダード
1994.T,高橋カーテンウォール工業,建設業,スタンダード
1997.T,暁飯島工業,建設業,スタンダード
2001.T,ニップン,食料品,プライム
2002.T,日清製粉グループ本社,食料品,プライム
2003.T,日東富士製粉,食料品,スタンダード
2004.T,昭和産業,食料品,プライム
2009.T,鳥越製粉,食料品,スタンダード
2053.T,中部飼料,食料品,プライム
2055.T,日和産業,食料品,スタンダード
2060.T,フィード・ワン,食料品,プライム
2108.T,日本甜菜製糖,食料品,プライム
2109.T,ＤＭ三井製糖,食料品,プライム
2112.T,塩水港精糖,食料品,スタンダード
2114.T,フジ日本,食料品,スタンダード
2117.T,ウェルネオシュガー,食料品,プライム
2120.T,ＬＩＦＵＬＬ,サービス業,プライム
2121.T,ＭＩＸＩ,情報・通信業,プライム
2122.T,インタースペース,サービス業,スタンダード
2124.T,ジェイエイシーリクルートメント,サービス業,プライム
2127.T,日本Ｍ＆Ａセンターホールディングス,サービス業,プライム
2130.T,メンバーズ,サービス業,プライム
2134.T,北浜キャピタルパートナーズ,サービス業,スタンダード
2136.T,ヒップ,サービス業,スタンダード
2138.T,クルーズ,情報・通信業,スタンダード
2139.T,中広,サービス業,スタンダード
2146.T,ＵＴグループ,サービス業,プライム
2148.T,アイティメディア,サービス業,プライム
2152.T,幼児活動研究会,サービス業,スタンダード
2153.T,Ｅ・Ｊホールディングス,サービス業,プライム
2154.T,オープンアップグループ,サービス業,プライム
2156.T,セーラー広告,サービス業,スタンダード
2157.T,コシダカホールディングス,サービス業,プライム
2158.T,ＦＲＯＮＴＥＯ,サービス業,グロース
2160.T,ジーエヌアイグループ,医薬品,グロース
2162.T,ｎｍｓ　ホールディングス,サービス業,スタンダード
2163.T,アルトナー,サービス業,プライム
2164.T,地域新聞社,サービス業,グロース
2168.T,パソナグループ,サービス業,プライム
2169.T,ＣＤＳ,サービス業,スタンダード
2170.T,リンクアンドモチベーション,サービス業,プライム
2173.T,博展,サービス業,グロース
2175.T,エス・エム・エス,サービス業,プライム
2179.T,成学社,サービス業,スタンダード
2180.T,サニーサイドアップグループ,サービス業,スタンダード
2181.T,パーソルホールディングス,サービス業,プライム
2183.T,リニカル,サービス業,スタンダード
2185.T,シイエム・シイ,サービス業,スタンダード
2186.T,ソーバル,サービス業,スタンダード
2193.T,クックパッド,サービス業,スタンダード
2195.T,アミタホールディングス,サービス業,グロース
2196.T,エスクリ,サービス業,スタンダード
2198.T,アイ・ケイ・ケイホールディングス,サービス業,プライム
2201.T,森永製菓,食料品,プライム
2204.T,中村屋,食料品,スタンダード
2206.T,江崎グリコ,食料品,プライム
2207.T,ｍｅｉｔｏ,食料品,プライム
2208.T,ブルボン,食料品,スタンダード
2209.T,井村屋グループ,食料品,プライム
2211.T,不二家,食料品,プライム
2212.T,山崎製パン,食料品,プライム
2215.T,第一屋製パン,食料品,スタンダード
2216.T,カンロ,食料品,スタンダード
2217.T,モロゾフ,食料品,プライム
2220.T,亀田製菓,食料品,プライム
2221.T,岩塚製菓,食料品,スタンダード
2222.T,寿スピリッツ,食料品,プライム
2224.T,コモ,食料品,スタンダード
2226.T,湖池屋,食料品,スタンダード
2229.T,カルビー,食料品,プライム
2264.T,森永乳業,食料品,プライム
2266.T,六甲バター,食料品,プライム
2267.T,ヤクルト本社,食料品,プライム
2268.T,Ｂ－Ｒ　サーティワン　アイスクリーム,食料品,スタンダード
2269.T,明治ホールディングス,食料品,プライム
2270.T,雪印メグミルク,食料品,プライム
2281.T,プリマハム,食料品,プライム
2282.T,日本ハム,食料品,プライム
2286.T,林兼産業,食料品,スタンダード
2288.T,丸大食品,食料品,プライム
2291.T,福留ハム,食料品,スタンダード
2292.T,Ｓ　Ｆｏｏｄｓ,食料品,プライム
2293.T,滝沢ハム,食料品,スタンダード
2294.T,柿安本店,食料品,プライム
2296.T,伊藤ハム米久ホールディングス,食料品,プライム
2300.T,きょくとう,サービス業,スタンダード
2301.T,学情,サービス業,プライム
2303.T,ドーン,情報・通信業,スタンダード
2304.T,ＣＳＳホールディングス,サービス業,スタンダード
2305.T,スタジオアリス,サービス業,スタンダード
2307.T,クロスキャット,情報・通信業,プライム
2311.T,エプコ,サービス業,スタンダード
2315.T,ＣＡＩＣＡ　ＤＩＧＩＴＡＬ,情報・通信業,スタンダード
2317.T,システナ,情報・通信業,プライム
2321.T,ソフトフロントホールディングス,情報・通信業,グロース
2323.T,ｆｏｎｆｕｎ,情報・通信業,スタンダード
2325.T,ＮＪＳ,サービス業,プライム
2326.T,デジタルアーツ,情報・通信業,プライム
2327.T,日鉄ソリューションズ,情報・通信業,プライム
2329.T,東北新社,情報・通信業,スタンダード
2330.T,フォーサイド,情報・通信業,スタンダード
2331.T,ＡＬＳＯＫ,サービス業,プライム
2332.T,クエスト,情報・通信業,スタンダード
2334.T,イオレ,サービス業,グロース
2335.T,キューブシステム,情報・通信業,プライム
2337.T,いちご,不動産業,プライム
2338.T,クオンタムソリューションズ,情報・通信業,スタンダード
2340.T,極楽湯ホールディングス,サービス業,スタンダード
2341.T,アルバイトタイムス,サービス業,スタンダード
2342.T,トランスジェニックグループ,サービス業,グロース
2344.T,平安レイサービス,サービス業,スタンダード
2345.T,クシム,情報・通信業,スタンダード
2349.T,エヌアイデイ,情報・通信業,スタンダード
2351.T,ＡＳＪ,情報・通信業,グロース
2353.T,日本駐車場開発,不動産業,プライム
2354.T,ＹＥ　ＤＩＧＩＴＡＬ,情報・通信業,スタンダード
2359.T,コア,情報・通信業,プライム
2370.T,メディネット,サービス業,グロース
2371.T,カカクコム,サービス業,プライム
2373.T,ケア２１,サービス業,スタンダード
2374.T,セントケア・ホールディング,サービス業,プライム
2375.T,ギグワークス,サービス業,スタンダード
2376.T,サイネックス,サービス業,スタンダード
2378.T,ルネサンス,サービス業,プライム
2379.T,ディップ,サービス業,プライム
2384.T,ＳＢＳホールディングス,陸運業,プライム
2385.T,総医研ホールディングス,サービス業,グロース
2388.T,ウェッジホールディングス,その他金融業,グロース
2389.T,デジタルホールディングス,サービス業,プライム
2391.T,プラネット,サービス業,スタンダード
2393.T,日本ケアサプライ,サービス業,スタンダード
2395.T,新日本科学,サービス業,プライム
2404.T,鉄人化ホールディングス,サービス業,スタンダード
2408.T,ＫＧ情報,サービス業,スタンダード
2410.T,キャリアデザインセンター,サービス業,プライム
2411.T,ゲンダイエージェンシー,情報・通信業,スタンダード
2413.T,エムスリー,サービス業,プライム
2415.T,ヒューマンホールディングス,サービス業,スタンダード
2418.T,ツカダ・グローバルホールディング,サービス業,スタンダード
2424.T,ブラス,サービス業,スタンダード
2425.T,ケアサービス,サービス業,スタンダード
2428.T,ウェルネット,サービス業,スタンダード
2429.T,ワールドホールディングス,サービス業,プライム
2432.T,ディー・エヌ・エー,情報・通信業,プライム
2433.T,博報堂ＤＹホールディングス,サービス業,プライム
2435.T,シダー,サービス業,スタンダード
2436.T,共同ピーアール,サービス業,スタンダード
2437.T,Ｓｈｉｎｗａ　Ｗｉｓｅ　Ｈｏｌｄｉｎｇｓ,サービス業,スタンダード
2438.T,アスカネット,サービス業,グロース
2440.T,ぐるなび,サービス業,スタンダード
2445.T,タカミヤ,サービス業,プライム
2449.T,プラップジャパン,サービス業,スタンダード
2454.T,オールアバウト,サービス業,スタンダード
2459.T,アウンコンサルティング,サービス業,スタンダード
2461.T,ファンコミュニケーションズ,サービス業,プライム
2462.T,ライク,サービス業,プライム
2464.T,Ａｏｂａ‐ＢＢＴ,サービス業,スタンダード
2469.T,ヒビノ,サービス業,スタンダード
2471.T,エスプール,サービス業,プライム
2475.T,ＷＤＢホールディングス,サービス業,プライム
2477.T,手間いらず,情報・通信業,スタンダード
2479.T,ジェイテック,サービス業,スタンダード
2480.T,システム・ロケーション,情報・通信業,スタンダード
2481.T,タウンニュース社,サービス業,スタンダード
2483.T,翻訳センター,サービス業,スタンダード
2484.T,出前館,情報・通信業,スタンダード
2485.T,ティア,サービス業,スタンダード
2488.T,ＪＴＰ,サービス業,スタンダード
2489.T,アドウェイズ,サービス業,スタンダード
2491.T,バリューコマース,サービス業,プライム
2492.T,インフォマート,サービス業,プライム
2493.T,イーサポートリンク,サービス業,スタンダード
2497.T,ユナイテッド,サービス業,グロース
2498.T,オリエンタルコンサルタンツホールディングス,サービス業,スタンダード
2499.T,日本和装ホールディングス,サービス業,スタンダード
2501.T,サッポロホールディングス,食料品,プライム
2502.T,アサヒグループホールディングス,食料品,プライム
2503.T,キリンホールディングス,食料品,プライム
2531.T,宝ホールディングス,食料品,プライム
2533.T,オエノンホールディングス,食料品,プライム
2540.T,養命酒製造,食料品,プライム
2573.T,北海道コカ・コーラボトリング,食料品,スタンダード
2579.T,コカ・コーラ　ボトラーズジャパンホールディングス,食料品,プライム
2585.T,ライフドリンク　カンパニー,食料品,プライム
2586.T,フルッタフルッタ,食料品,グロース
2587.T,サントリー食品インターナショナル,食料品,プライム
2588.T,プレミアムウォーターホールディングス,食料品,スタンダード
2590.T,ダイドーグループホールディングス,食料品,プライム
2593.T,伊藤園,食料品,プライム
25935.T,伊藤園第１種優先株式,食料品,プライム
2594.T,キーコーヒー,食料品,プライム
2597.T,ユニカフェ,食料品,スタンダード
2602.T,日清オイリオグループ,食料品,プライム
2607.T,不二製油,食料品,プライム
2612.T,かどや製油,食料品,スタンダード
2613.T,Ｊ－オイルミルズ,食料品,プライム
2652.T,まんだらけ,小売業,スタンダード
2653.T,イオン九州,小売業,スタンダード
2654.T,アスモ,小売業,スタンダード
2656.T,ベクターホールディングス,小売業,スタンダード
2659.T,サンエー,小売業,プライム
2664.T,カワチ薬品,小売業,プライム
2666.T,オートウェーブ,小売業,スタンダード
2667.T,イメージ　ワン,卸売業,スタンダード
2668.T,タビオ,卸売業,スタンダード
2669.T,カネ美食品,小売業,スタンダード
2670.T,エービーシー・マート,小売業,プライム
2673.T,夢みつけ隊,小売業,スタンダード
2674.T,ハードオフコーポレーション,小売業,プライム
2676.T,高千穂交易,卸売業,プライム
2678.T,アスクル,小売業,プライム
2681.T,ゲオホールディングス,小売業,プライム
2683.T,魚喜,小売業,スタンダード
2685.T,アンドエスティＨＤ,小売業,プライム
2686.T,ジーフット,小売業,スタンダード
2687.T,シー・ヴイ・エス・ベイエリア,サービス業,スタンダード
2689.T,オルバヘルスケアホールディングス,卸売業,スタンダード
2692.T,伊藤忠食品,卸売業,プライム
2693.T,ＹＫＴ,卸売業,スタンダード
2694.T,焼肉坂井ホールディングス,小売業,スタンダード
2695.T,くら寿司,小売業,プライム
2698.T,キャンドゥ,小売業,スタンダード
2700.T,木徳神糧,卸売業,スタンダード
2702.T,日本マクドナルドホールディングス,小売業,スタンダード
2705.T,大戸屋ホールディングス,小売業,スタンダード
2708.T,久世,卸売業,スタンダード
2721.T,ジェイホールディングス,卸売業,スタンダード
2722.T,ＩＫホールディングス,小売業,スタンダード
2726.T,パルグループホールディングス,小売業,プライム
2730.T,エディオン,小売業,プライム
2733.T,あらた,卸売業,プライム
2734.T,サーラコーポレーション,小売業,プライム
2735.T,ワッツ,小売業,スタンダード
2736.T,フェスタリアホールディングス,小売業,スタンダード
2737.T,トーメンデバイス,卸売業,プライム
2742.T,ハローズ,小売業,プライム
2747.T,北雄ラッキー,小売業,スタンダード
2749.T,ＪＰホールディングス,サービス業,プライム
2750.T,石光商事,卸売業,スタンダード
2751.T,テンポスホールディングス,卸売業,スタンダード
2752.T,フジオフードグループ本社,小売業,プライム
2753.T,あみやき亭,小売業,プライム
2760.T,東京エレクトロン　デバイス,卸売業,プライム
2762.T,ＳＡＮＫＯ　ＭＡＲＫＥＴＩＮＧ　ＦＯＯＤＳ,小売業,スタンダード
2763.T,エフティグループ,卸売業,スタンダード
2764.T,ひらまつ,小売業,スタンダード
2767.T,円谷フィールズホールディングス,卸売業,プライム
2768.T,双日,卸売業,プライム
2769.T,ヴィレッジヴァンガードコーポレーション,小売業,スタンダード
2776.T,新都ホールディングス,卸売業,スタンダード
2778.T,パレモ・ホールディングス,小売業,スタンダード
2780.T,コメ兵ホールディングス,小売業,スタンダード
2782.T,セリア,小売業,スタンダード
2784.T,アルフレッサ　ホールディングス,卸売業,プライム
2788.T,アップルインターナショナル,卸売業,スタンダード
2789.T,カルラ,小売業,スタンダード
2790.T,ナフコ,小売業,スタンダード
2791.T,大黒天物産,小売業,プライム
2792.T,ハニーズホールディングス,小売業,プライム
2795.T,日本プリメックス,卸売業,スタンダード
2796.T,ファーマライズホールディングス,小売業,スタンダード
2798.T,ワイズテーブルコーポレーション,小売業,スタンダード
2801.T,キッコーマン,食料品,プライム
2802.T,味の素,食料品,プライム
2804.T,ブルドックソース,食料品,プライム
2805.T,ヱスビー食品,食料品,スタンダード
2806.T,ユタカフーズ,食料品,スタンダード
2809.T,キユーピー,食料品,プライム
2810.T,ハウス食品グループ本社,食料品,プライム
2811.T,カゴメ,食料品,プライム
2813.T,和弘食品,食料品,スタンダード
2814.T,佐藤食品工業,食料品,スタンダード
2815.T,アリアケジャパン,食料品,プライム
2816.T,ダイショー,食料品,スタンダード
2818.T,ピエトロ,食料品,スタンダード
2819.T,エバラ食品工業,食料品,スタンダード
2820.T,やまみ,食料品,スタンダード
2831.T,はごろもフーズ,食料品,スタンダード
2871.T,ニチレイ,食料品,プライム
2872.T,セイヒョー,食料品,スタンダード
2874.T,横浜冷凍,卸売業,プライム
2875.T,東洋水産,食料品,プライム
2876.T,デルソーレ,食料品,スタンダード
2877.T,日東ベスト,食料品,スタンダード
2882.T,イートアンドホールディングス,食料品,プライム
2883.T,大冷,食料品,スタンダード
2884.T,ヨシムラ・フード・ホールディングス,食料品,プライム
2892.T,日本食品化工,食料品,スタンダード
2894.T,石井食品,食料品,スタンダード
2897.T,日清食品ホールディングス,食料品,プライム
2901.T,ウェルディッシュ,食料品,スタンダード
2903.T,シノブフーズ,食料品,スタンダード
2904.T,一正蒲鉾,食料品,スタンダード
2907.T,あじかん,食料品,スタンダード
2908.T,フジッコ,食料品,プライム
2910.T,ロック・フィールド,食料品,プライム
2911.T,旭松食品,食料品,スタンダード
2914.T,日本たばこ産業,食料品,プライム
2915.T,ケンコーマヨネーズ,食料品,プライム
2916.T,仙波糖化工業,食料品,スタンダード
2917.T,大森屋,食料品,スタンダード
2918.T,わらべや日洋ホールディングス,食料品,プライム
2922.T,なとり,食料品,プライム
2923.T,サトウ食品,食料品,スタンダード
2924.T,イフジ産業,食料品,スタンダード
2926.T,篠崎屋,食料品,スタンダード
2927.T,ＡＦＣ－ＨＤアムスライフサイエンス,食料品,スタンダード
2929.T,ファーマフーズ,食料品,プライム
2930.T,北の達人コーポレーション,化学,プライム
2931.T,ユーグレナ,食料品,プライム
2932.T,ＳＴＩフードホールディングス,食料品,スタンダード
2933.T,紀文食品,食料品,プライム
2934.T,ジェイフロンティア,食料品,グロース
2935.T,ピックルスホールディングス,食料品,プライム
2936.T,ベースフード,食料品,グロース
2937.T,サンクゼール,食料品,グロース
2938.T,オカムラ食品工業,食料品,スタンダード
2961.T,日本調理機,金属製品,スタンダード
2962.T,テクニスコ,金属製品,スタンダード
2970.T,ＧＬＣ　ＧＲＯＵＰ,不動産業,スタンダード
2975.T,スター・マイカ・ホールディングス,不動産業,プライム
2978.T,ツクルバ,不動産業,グロース
2980.T,ＳＲＥホールディングス,不動産業,プライム
2981.T,ランディックス,不動産業,グロース
2982.T,ＡＤワークスグループ,不動産業,プライム
2983.T,アールプランナー,不動産業,グロース
2984.T,ヤマイチエステート,不動産業,スタンダード
2986.T,ＬＡホールディングス,不動産業,グロース
2991.T,ランドネット,不動産業,スタンダード
2993.T,長栄,不動産業,スタンダード
2997.T,ストレージ王,不動産業,グロース
2998.T,クリアル,不動産業,グロース
2999.T,ホームポジション,不動産業,スタンダード
3001.T,片倉工業,繊維製品,スタンダード
3002.T,グンゼ,繊維製品,プライム
3003.T,ヒューリック,不動産業,プライム
3004.T,神栄,卸売業,スタンダード
3010.T,ポラリス・ホールディングス,サービス業,スタンダード
3011.T,バナーズ,小売業,スタンダード
3020.T,アプライド,小売業,スタンダード
3021.T,パシフィックネット,サービス業,スタンダード
3023.T,ラサ商事,卸売業,スタンダード
3024.T,クリエイト,卸売業,スタンダード
3028.T,アルペン,小売業,プライム
3030.T,ハブ,小売業,スタンダード
3031.T,ラクーンホールディングス,情報・通信業,プライム
3034.T,クオールホールディングス,小売業,プライム
3035.T,ケイティケイ,卸売業,スタンダード
3036.T,アルコニックス,卸売業,プライム
3038.T,神戸物産,卸売業,プライム
3040.T,ソリトンシステムズ,情報・通信業,プライム
3041.T,ビューティカダンホールディングス,卸売業,スタンダード
3042.T,セキュアヴェイル,情報・通信業,スタンダード
3045.T,カワサキ,卸売業,スタンダード
3046.T,ジンズホールディングス,小売業,プライム
3048.T,ビックカメラ,小売業,プライム
3050.T,ＤＣＭホールディングス,小売業,プライム
3053.T,ペッパーフードサービス,小売業,スタンダード
3054.T,ハイパー,卸売業,スタンダード
3058.T,三洋堂ホールディングス,小売業,スタンダード
3059.T,ヒラキ,小売業,スタンダード
3063.T,ジェイグループホールディングス,小売業,グロース
3064.T,ＭｏｎｏｔａＲＯ,小売業,プライム
3065.T,ライフフーズ,小売業,スタンダード
3067.T,東京一番フーズ,小売業,スタンダード
3068.T,ＷＤＩ,小売業,スタンダード
3069.T,ＪＦＬＡホールディングス,食料品,スタンダード
3070.T,ジェリービーンズグループ,卸売業,グロース
3071.T,ストリーム,小売業,スタンダード
3075.T,銚子丸,小売業,スタンダード
3076.T,あい　ホールディングス,卸売業,プライム
3077.T,ホリイフードサービス,小売業,スタンダード
3079.T,ディーブイエックス,卸売業,スタンダード
3080.T,ジェーソン,小売業,スタンダード
3082.T,きちりホールディングス,小売業,スタンダード
3083.T,スターシーズ,小売業,スタンダード
3086.T,Ｊ．フロント　リテイリング,小売業,プライム
3087.T,ドトール・日レスホールディングス,小売業,プライム
3088.T,マツキヨココカラ＆カンパニー,小売業,プライム
3089.T,テクノアルファ,卸売業,スタンダード
3091.T,ブロンコビリー,小売業,プライム
3092.T,ＺＯＺＯ,小売業,プライム
3093.T,トレジャー・ファクトリー,小売業,プライム
3096.T,オーシャンシステム,小売業,スタンダード
3097.T,物語コーポレーション,小売業,プライム
3099.T,三越伊勢丹ホールディングス,小売業,プライム
3101.T,東洋紡,化学,プライム
3103.T,ユニチカ,繊維製品,プライム
3104.T,富士紡ホールディングス,繊維製品,プライム
3105.T,日清紡ホールディングス,電気機器,プライム
3106.T,倉敷紡績,繊維製品,プライム
3107.T,ダイワボウホールディングス,卸売業,プライム
3109.T,シキボウ,繊維製品,プライム
3110.T,日東紡績,ガラス・土石製品,プライム
3111.T,オーミケンシ,繊維製品,スタンダード
3113.T,ＵＮＩＶＡ・Ｏａｋホールディングス,証券、商品先物取引業,スタンダード
3116.T,トヨタ紡織,輸送用機器,プライム
3121.T,マーチャント・バンカーズ,サービス業,スタンダード
3123.T,サイボー,繊維製品,スタンダード
3131.T,シンデン・ハイテックス,卸売業,スタンダード
3132.T,マクニカホールディングス,卸売業,プライム
3133.T,海帆,小売業,グロース
3134.T,Ｈａｍｅｅ,小売業,スタンダード
3135.T,マーケットエンタープライズ,小売業,プライム
3137.T,ファンデリー,小売業,グロース
3138.T,富士山マガジンサービス,小売業,グロース
3139.T,ラクト・ジャパン,卸売業,プライム
3140.T,ＢＲＵＮＯ,卸売業,グロース
3143.T,オーウイル,卸売業,スタンダード
3148.T,クリエイトＳＤホールディングス,小売業,プライム
3150.T,グリムス,電気・ガス業,プライム
3151.T,バイタルケーエスケー・ホールディングス,卸売業,プライム
3153.T,八洲電機,卸売業,プライム
3154.T,メディアスホールディングス,卸売業,プライム
3156.T,レスター,卸売業,プライム
3157.T,ジオリーブグループ,卸売業,スタンダード
3159.T,丸善ＣＨＩホールディングス,小売業,スタンダード
3160.T,大光,卸売業,スタンダード
3161.T,アゼアス,卸売業,スタンダード
3166.T,ＯＣＨＩホールディングス,卸売業,スタンダード
3167.T,ＴＯＫＡＩホールディングス,卸売業,プライム
3168.T,ＭＥＲＦ,卸売業,スタンダード
3169.T,ミサワ,小売業,スタンダード
3172.T,ティーライフ,小売業,スタンダード
3173.T,Ｃｏｍｉｎｉｘ,卸売業,スタンダード
3174.T,ハピネス・アンド・ディ,小売業,スタンダード
3175.T,エー・ピーホールディングス,小売業,スタンダード
3176.T,三洋貿易,卸売業,プライム
3177.T,ありがとうサービス,小売業,スタンダード
3178.T,チムニー,小売業,スタンダード
3179.T,シュッピン,小売業,プライム
3180.T,ビューティガレージ,卸売業,プライム
3181.T,買取王国,小売業,スタンダード
3182.T,オイシックス・ラ・大地,小売業,プライム
3183.T,ウイン・パートナーズ,卸売業,プライム
3184.T,ＩＣＤＡホールディングス,小売業,スタンダード
3185.T,夢展望,小売業,グロース
3186.T,ネクステージ,小売業,プライム
3187.T,ミラタップ,小売業,グロース
3189.T,ＡＮＡＰホールディングス,小売業,スタンダード
3190.T,ホットマン,小売業,スタンダード
3191.T,ジョイフル本田,小売業,プライム
3192.T,白鳩,小売業,スタンダード
3193.T,エターナルホスピタリティグループ,小売業,プライム
3195.T,ジェネレーションパス,小売業,グロース
3196.T,ホットランドホールディングス,小売業,プライム
3197.T,すかいらーくホールディングス,小売業,プライム
3198.T,ＳＦＰホールディングス,小売業,プライム
3199.T,綿半ホールディングス,小売業,プライム
3201.T,日本毛織,繊維製品,プライム
3202.T,ダイトウボウ,繊維製品,スタンダード
3204.T,トーア紡コーポレーション,繊維製品,スタンダード
3205.T,ダイドーリミテッド,繊維製品,スタンダード
3221.T,ヨシックスホールディングス,小売業,プライム
3222.T,ユナイテッド・スーパーマーケット・ホールディングス,小売業,スタンダード
3223.T,エスエルディー,小売業,スタンダード
3224.T,ゼネラル・オイスター,小売業,グロース
3231.T,野村不動産ホールディングス,不動産業,プライム
3232.T,三重交通グループホールディングス,不動産業,プライム
3236.T,プロパスト,不動産業,スタンダード
3237.T,イントランス,不動産業,グロース
3238.T,セントラル総合開発,不動産業,スタンダード
3241.T,ウィル,不動産業,スタンダード
3242.T,アーバネットコーポレーション,不動産業,スタンダード
3245.T,ディア・ライフ,不動産業,プライム
3246.T,コーセーアールイー,不動産業,スタンダード
3248.T,アールエイジ,不動産業,スタンダード
3252.T,地主,不動産業,プライム
3261.T,グランディーズ,不動産業,グロース
3266.T,ファンドクリエーショングループ,不動産業,スタンダード
3267.T,フィル・カンパニー,建設業,スタンダード
3271.T,ＴＨＥグローバル社,不動産業,スタンダード
3276.T,ＪＰＭＣ,不動産業,プライム
3277.T,サンセイランディック,不動産業,スタンダード
3280.T,エストラスト,不動産業,スタンダード
3284.T,フージャースホールディングス,不動産業,プライム
3286.T,トラストホールディングス,不動産業,スタンダード
3288.T,オープンハウスグループ,不動産業,プライム
3289.T,東急不動産ホールディングス,不動産業,プライム
3291.T,飯田グループホールディングス,不動産業,プライム
3293.T,アズマハウス,不動産業,スタンダード
3294.T,イーグランド,不動産業,スタンダード
3297.T,東武住販,不動産業,スタンダード
3299.T,ムゲンエステート,不動産業,スタンダード
3300.T,アンビション　ＤＸ　ホールディングス,不動産業,グロース
3302.T,帝国繊維,繊維製品,プライム
3306.T,日本製麻,卸売業,スタンダード
3315.T,日本コークス工業,石油・石炭製品,プライム
3317.T,フライングガーデン,小売業,スタンダード
3320.T,クロスプラス,卸売業,スタンダード
3321.T,ミタチ産業,卸売業,スタンダード
3323.T,レカム,卸売業,スタンダード
3326.T,ランシステム,サービス業,スタンダード
3329.T,東和フードサービス,小売業,スタンダード
3333.T,あさひ,小売業,プライム
3349.T,コスモス薬品,小売業,プライム
3350.T,メタプラネット,卸売業,スタンダード
3352.T,バッファロー,小売業,スタンダード
3353.T,メディカル一光グループ,小売業,スタンダード
3355.T,クリヤマホールディングス,卸売業,スタンダード
3358.T,Ｔｒａｉｌｈｅａｄ　Ｇｌｏｂａｌ　Ｈｏｌｄｉｎｇｓ,小売業,スタンダード
3359.T,ｃｏｔｔａ,卸売業,グロース
3360.T,シップヘルスケアホールディングス,卸売業,プライム
3361.T,トーエル,小売業,スタンダード
3370.T,フジタコーポレーション,小売業,スタンダード
3371.T,ソフトクリエイトホールディングス,情報・通信業,プライム
3372.T,関門海,小売業,スタンダード
3374.T,内外テック,卸売業,スタンダード
3375.T,ＺＯＡ,小売業,スタンダード
3377.T,バイク王＆カンパニー,卸売業,スタンダード
3382.T,セブン＆アイ・ホールディングス,小売業,プライム
3386.T,コスモ・バイオ,卸売業,スタンダード
3387.T,クリエイト・レストランツ・ホールディングス,小売業,プライム
3388.T,明治電機工業,卸売業,プライム
3391.T,ツルハホールディングス,小売業,プライム
3392.T,デリカフーズホールディングス,卸売業,スタンダード
3393.T,スターティアホールディングス,卸売業,プライム
3395.T,サンマルクホールディングス,小売業,プライム
3396.T,フェリシモ,小売業,スタンダード
3397.T,トリドールホールディングス,小売業,プライム
3399.T,丸千代山岡家,小売業,スタンダード
3401.T,帝人,繊維製品,プライム
3402.T,東レ,繊維製品,プライム
3405.T,クラレ,化学,プライム
3407.T,旭化成,化学,プライム
3409.T,北紡,繊維製品,スタンダード
3415.T,ＴＯＫＹＯ　ＢＡＳＥ,小売業,プライム
3416.T,ピクスタ,小売業,スタンダード
3417.T,大木ヘルスケアホールディングス,卸売業,スタンダード
3418.T,バルニバービ,小売業,グロース
3420.T,ケー・エフ・シー,金属製品,スタンダード
3421.T,稲葉製作所,金属製品,スタンダード
3422.T,Ｊ－ＭＡＸ,金属製品,スタンダード
3423.T,エスイー,金属製品,スタンダード
3426.T,アトムリビンテック,金属製品,スタンダード
3431.T,宮地エンジニアリンググループ,金属製品,プライム
3433.T,トーカロ,金属製品,プライム
3434.T,アルファＣｏ,金属製品,スタンダード
3435.T,サンコーテクノ,金属製品,スタンダード
3436.T,ＳＵＭＣＯ,金属製品,プライム
3437.T,特殊電極,金属製品,スタンダード
3439.T,三ツ知,金属製品,スタンダード
3440.T,日創グループ,金属製品,スタンダード
3441.T,山王,金属製品,スタンダード
3443.T,川田テクノロジーズ,金属製品,プライム
3444.T,菊池製作所,金属製品,スタンダード
3445.T,ＲＳ　Ｔｅｃｈｎｏｌｏｇｉｅｓ,金属製品,プライム
3446.T,ジェイテックコーポレーション,金属製品,スタンダード
3447.T,信和,金属製品,スタンダード
3449.T,テクノフレックス,金属製品,スタンダード
3452.T,ビーロット,不動産業,スタンダード
3454.T,ファーストブラザーズ,不動産業,スタンダード
3457.T,Ａｎｄ　Ｄｏホールディングス,不動産業,プライム
3461.T,パルマ,不動産業,スタンダード
3465.T,ケイアイスター不動産,不動産業,プライム
3467.T,アグレ都市デザイン,不動産業,スタンダード
3469.T,デュアルタップ,不動産業,スタンダード
3474.T,Ｇ－ＦＡＣＴＯＲＹ,不動産業,グロース
3475.T,グッドコムアセット,不動産業,プライム
3477.T,フォーライフ,不動産業,グロース
3479.T,ティーケーピー,不動産業,グロース
3480.T,ジェイ・エス・ビー,不動産業,プライム
3482.T,ロードスターキャピタル,不動産業,プライム
3484.T,イノベーションホールディングス,不動産業,プライム
3486.T,グローバル・リンク・マネジメント,不動産業,プライム
3489.T,フェイスネットワーク,不動産業,スタンダード
3490.T,アズ企画設計,不動産業,スタンダード
3491.T,ＧＡ　ｔｅｃｈｎｏｌｏｇｉｅｓ,不動産業,グロース
3494.T,マリオン,不動産業,スタンダード
3495.T,香陵住販,不動産業,スタンダード
3496.T,アズーム,不動産業,プライム
3498.T,霞ヶ関キャピタル,不動産業,プライム
3501.T,ＳＵＭＩＮＯＥ,繊維製品,プライム
3512.T,日本フエルト,繊維製品,スタンダード
3513.T,イチカワ,繊維製品,スタンダード
3521.T,テルマー湯ホールディングス,サービス業,スタンダード
3524.T,日東製網,繊維製品,スタンダード
3526.T,芦森工業,輸送用機器,スタンダード
3529.T,アツギ,繊維製品,スタンダード
3536.T,アクサスホールディングス,小売業,スタンダード
3537.T,昭栄薬品,卸売業,スタンダード
3538.T,ウイルプラスホールディングス,小売業,スタンダード
3539.T,ＪＭホールディングス,小売業,プライム
3541.T,農業総合研究所,卸売業,グロース
3542.T,ベガコーポレーション,小売業,グロース
3543.T,コメダホールディングス,卸売業,プライム
3544.T,サツドラホールディングス,小売業,スタンダード
3546.T,アレンザホールディングス,小売業,プライム
3547.T,串カツ田中ホールディングス,小売業,スタンダード
3548.T,バロックジャパンリミテッド,小売業,プライム
3549.T,クスリのアオキホールディングス,小売業,プライム
3550.T,スタジオアタオ,小売業,グロース
3551.T,ダイニック,繊維製品,スタンダード
3553.T,共和レザー,化学,スタンダード
3556.T,リネットジャパングループ,小売業,グロース
3557.T,ユナイテッド＆コレクティブ,小売業,グロース
3558.T,ジェイドグループ,小売業,グロース
3559.T,ピーバンドットコム,卸売業,スタンダード
3560.T,ほぼ日,小売業,スタンダード
3561.T,力の源ホールディングス,小売業,プライム
3562.T,Ｎｏ．１,卸売業,スタンダード
3563.T,ＦＯＯＤ　＆　ＬＩＦＥ　ＣＯＭＰＡＮＩＥＳ,小売業,プライム
3565.T,アセンテック,卸売業,スタンダード
3566.T,ユニフォームネクスト,小売業,グロース
3569.T,セーレン,繊維製品,プライム
3571.T,ソトー,繊維製品,スタンダード
3577.T,東海染工,繊維製品,スタンダード
3580.T,小松マテーレ,繊維製品,プライム
3583.T,オーベクス,繊維製品,スタンダード
3591.T,ワコールホールディングス,繊維製品,プライム
3593.T,ホギメディカル,繊維製品,プライム
3597.T,自重堂,繊維製品,スタンダード
3598.T,山喜,繊維製品,スタンダード
3600.T,フジックス,繊維製品,スタンダード
3607.T,クラウディアホールディングス,繊維製品,スタンダード
3608.T,ＴＳＩホールディングス,繊維製品,プライム
3611.T,マツオカコーポレーション,繊維製品,スタンダード
3612.T,ワールド,繊維製品,プライム
3622.T,ネットイヤーグループ,情報・通信業,グロース
3623.T,ビリングシステム,情報・通信業,グロース
3624.T,アクセルマーク,情報・通信業,グロース
3625.T,テックファームホールディングス,情報・通信業,グロース
3626.T,ＴＩＳ,情報・通信業,プライム
3627.T,テクミラホールディングス,情報・通信業,スタンダード
3628.T,データホライゾン,情報・通信業,グロース
3632.T,グリーホールディングス,情報・通信業,プライム
3633.T,ＧＭＯペパボ,情報・通信業,スタンダード
3634.T,ソケッツ,情報・通信業,スタンダード
3635.T,コーエーテクモホールディングス,情報・通信業,プライム
3636.T,三菱総合研究所,情報・通信業,プライム
3639.T,ボルテージ,情報・通信業,スタンダード
3640.T,電算,情報・通信業,スタンダード
3641.T,パピレス,情報・通信業,スタンダード
3645.T,メディカルネット,情報・通信業,グロース
3646.T,駅探,情報・通信業,グロース
3647.T,ジー・スリーホールディングス,情報・通信業,スタンダード
3648.T,ＡＧＳ,情報・通信業,スタンダード
3649.T,ファインデックス,情報・通信業,プライム
3652.T,ディジタルメディアプロフェッショナル,情報・通信業,グロース
3653.T,モルフォ,情報・通信業,グロース
3655.T,ブレインパッド,情報・通信業,プライム
3656.T,ＫＬａｂ,情報・通信業,プライム
3657.T,ポールトゥウィンホールディングス,情報・通信業,プライム
3659.T,ネクソン,情報・通信業,プライム
3660.T,アイスタイル,情報・通信業,プライム
3661.T,エムアップホールディングス,情報・通信業,プライム
3662.T,エイチームホールディングス,情報・通信業,プライム
3663.T,セルシス,情報・通信業,プライム
3664.T,モブキャストホールディングス,情報・通信業,グロース
3665.T,エニグモ,情報・通信業,プライム
3667.T,ｅｎｉｓｈ,情報・通信業,スタンダード
3668.T,コロプラ,情報・通信業,プライム
3670.T,協立情報通信,情報・通信業,スタンダード
3671.T,ソフトマックス,情報・通信業,スタンダード
3672.T,オルトプラス,情報・通信業,スタンダード
3673.T,ブロードリーフ,情報・通信業,プライム
3674.T,オークファン,情報・通信業,グロース
3675.T,クロス・マーケティンググループ,情報・通信業,スタンダード
3676.T,デジタルハーツホールディングス,情報・通信業,プライム
3678.T,メディアドゥ,情報・通信業,プライム
3679.T,じげん,情報・通信業,プライム
3680.T,ホットリンク,情報・通信業,グロース
3681.T,ブイキューブ,情報・通信業,プライム
3682.T,エンカレッジ・テクノロジ,情報・通信業,スタンダード
3683.T,サイバーリンクス,情報・通信業,スタンダード
3686.T,ディー・エル・イー,情報・通信業,スタンダード
3687.T,フィックスターズ,情報・通信業,プライム
3690.T,イルグルム,情報・通信業,スタンダード
3691.T,デジタルプラス,情報・通信業,グロース
3692.T,ＦＦＲＩセキュリティ,情報・通信業,グロース
3694.T,オプティム,情報・通信業,プライム
3695.T,ＧＭＯプロダクトプラットフォーム,情報・通信業,グロース
3696.T,セレス,情報・通信業,プライム
3697.T,ＳＨＩＦＴ,情報・通信業,プライム
3698.T,ＣＲＩ・ミドルウェア,情報・通信業,グロース
3708.T,特種東海製紙,パルプ・紙,プライム
3710.T,ジョルダン,情報・通信業,スタンダード
3712.T,情報企画,情報・通信業,スタンダード
3719.T,ＡＩストーム,情報・通信業,スタンダード
3723.T,日本ファルコム,情報・通信業,グロース
3726.T,フォーシーズＨＤ,小売業,スタンダード
3727.T,アプリックス,情報・通信業,グロース
3733.T,ソフトウェア・サービス,情報・通信業,スタンダード
3741.T,セック,情報・通信業,プライム
3744.T,サイオス,情報・通信業,スタンダード
3747.T,インタートレード,情報・通信業,スタンダード
3750.T,ＡＤＲ１２０Ｓ,情報・通信業,スタンダード
3753.T,フライトソリューションズ,情報・通信業,スタンダード
3758.T,アエリア,情報・通信業,スタンダード
3760.T,ケイブ,情報・通信業,スタンダード
3762.T,テクマトリックス,情報・通信業,プライム
3763.T,プロシップ,情報・通信業,プライム
3765.T,ガンホー・オンライン・エンターテイメント,情報・通信業,プライム
3766.T,システムズ・デザイン,情報・通信業,スタンダード
3768.T,リスクモンスター,情報・通信業,スタンダード
3769.T,ＧＭＯペイメントゲートウェイ,情報・通信業,プライム
3771.T,システムリサーチ,情報・通信業,プライム
3772.T,ウェルス・マネジメント,不動産業,スタンダード
3773.T,アドバンスト・メディア,情報・通信業,グロース
3774.T,インターネットイニシアティブ,情報・通信業,プライム
3776.T,ブロードバンドタワー,情報・通信業,スタンダード
3777.T,環境フレンドリーホールディングス,情報・通信業,グロース
3778.T,さくらインターネット,情報・通信業,プライム
3779.T,ジェイ・エスコムホールディングス,情報・通信業,スタンダード
3787.T,テクノマセマティカル,情報・通信業,スタンダード
3788.T,ＧＭＯグローバルサイン・ホールディングス,情報・通信業,プライム
3791.T,ＩＧポート,情報・通信業,スタンダード
3793.T,ドリコム,情報・通信業,グロース
3796.T,いい生活,情報・通信業,スタンダード
3798.T,ＵＬＳグループ,情報・通信業,スタンダード
3799.T,キーウェアソリューションズ,情報・通信業,スタンダード
3800.T,ユニリタ,情報・通信業,スタンダード
3802.T,エコミック,情報・通信業,スタンダード
3803.T,イメージ情報開発,情報・通信業,グロース
3804.T,システム　ディ,情報・通信業,スタンダード
3807.T,フィスコ,情報・通信業,グロース
3810.T,サイバーステップホールディングス,情報・通信業,スタンダード
3815.T,メディア工房,情報・通信業,グロース
3816.T,大和コンピューター,情報・通信業,スタンダード
3817.T,ＳＲＡホールディングス,情報・通信業,プライム
3823.T,ＴＨＥ　ＷＨＹ　ＨＯＷ　ＤＯ　ＣＯＭＰＡＮＹ,情報・通信業,スタンダード
3825.T,リミックスポイント,小売業,スタンダード
3826.T,システムインテグレータ,情報・通信業,スタンダード
3834.T,朝日ネット,情報・通信業,プライム
3835.T,ｅＢＡＳＥ,情報・通信業,プライム
3836.T,アバントグループ,情報・通信業,プライム
3837.T,アドソル日進,情報・通信業,プライム
3839.T,ＯＤＫソリューションズ,情報・通信業,スタンダード
3840.T,パス,情報・通信業,スタンダード
3841.T,ジーダット,情報・通信業,スタンダード
3842.T,ネクストジェン,情報・通信業,スタンダード
3843.T,フリービット,情報・通信業,プライム
3844.T,コムチュア,情報・通信業,プライム
3845.T,アイフリークモバイル,情報・通信業,スタンダード
3848.T,データ・アプリケーション,情報・通信業,スタンダード
3850.T,エヌ・ティ・ティ・データ・イントラマート,情報・通信業,スタンダード
3851.T,日本一ソフトウェア,情報・通信業,スタンダード
3853.T,アステリア,情報・通信業,プライム
3854.T,アイル,情報・通信業,プライム
3856.T,Ａｂａｌａｎｃｅ,電気機器,スタンダード
3858.T,ユビキタスＡＩ,情報・通信業,スタンダード
3861.T,王子ホールディングス,パルプ・紙,プライム
3863.T,日本製紙,パルプ・紙,プライム
3864.T,三菱製紙,パルプ・紙,プライム
3865.T,北越コーポレーション,パルプ・紙,プライム
3877.T,中越パルプ工業,パルプ・紙,プライム
3878.T,巴川コーポレーション,化学,スタンダード
3880.T,大王製紙,パルプ・紙,プライム
3891.T,ニッポン高度紙工業,パルプ・紙,スタンダード
3892.T,岡山製紙,パルプ・紙,スタンダード
3895.T,ハビックス,パルプ・紙,スタンダード
3896.T,阿波製紙,パルプ・紙,スタンダード
3900.T,クラウドワークス,情報・通信業,グロース
3901.T,マークラインズ,情報・通信業,プライム
3902.T,メディカル・データ・ビジョン,情報・通信業,プライム
3903.T,ｇｕｍｉ,情報・通信業,プライム
3904.T,カヤック,情報・通信業,グロース
3905.T,データセクション,情報・通信業,グロース
3907.T,シリコンスタジオ,情報・通信業,スタンダード
3908.T,コラボス,情報・通信業,グロース
3909.T,ショーケース,情報・通信業,スタンダード
3910.T,エムケイシステム,情報・通信業,スタンダード
3911.T,Ａｉｍｉｎｇ,情報・通信業,グロース
3912.T,モバイルファクトリー,情報・通信業,スタンダード
3913.T,ＧｒｅｅｎＢｅｅ,情報・通信業,スタンダード
3914.T,ＪＩＧ－ＳＡＷ,情報・通信業,グロース
3915.T,テラスカイ,情報・通信業,プライム
3916.T,デジタル・インフォメーション・テクノロジー,情報・通信業,プライム
3917.T,アイリッジ,情報・通信業,グロース
3918.T,ＰＣＩホールディングス,情報・通信業,スタンダード
3920.T,アイビーシー,情報・通信業,スタンダード
3921.T,ネオジャパン,情報・通信業,プライム
3922.T,ＰＲ　ＴＩＭＥＳ,情報・通信業,プライム
3923.T,ラクス,情報・通信業,プライム
3924.T,ランドコンピュータ,情報・通信業,プライム
3925.T,ダブルスタンダード,情報・通信業,プライム
3926.T,オープンドア,情報・通信業,プライム
3927.T,フーバーブレイン,情報・通信業,グロース
3928.T,マイネット,情報・通信業,スタンダード
3929.T,ソーシャルワイヤー,情報・通信業,グロース
3930.T,はてな,情報・通信業,グロース
3931.T,バリューゴルフ,情報・通信業,グロース
3932.T,アカツキ,情報・通信業,プライム
3933.T,チエル,情報・通信業,スタンダード
3934.T,ベネフィットジャパン,情報・通信業,スタンダード
3935.T,エディア,情報・通信業,スタンダード
3936.T,グローバルウェイ,情報・通信業,グロース
3937.T,Ｕｂｉｃｏｍホールディングス,情報・通信業,プライム
3939.T,カナミックネットワーク,情報・通信業,プライム
3940.T,ノムラシステムコーポレーション,情報・通信業,スタンダード
3941.T,レンゴー,パルプ・紙,プライム
3943.T,大石産業,パルプ・紙,スタンダード
3944.T,古林紙工,パルプ・紙,スタンダード
3945.T,スーパーバッグ,パルプ・紙,スタンダード
3946.T,トーモク,パルプ・紙,プライム
3947.T,ダイナパック,パルプ・紙,スタンダード
3948.T,光ビジネスフォーム,パルプ・紙,スタンダード
3950.T,ザ・パック,パルプ・紙,プライム
3951.T,朝日印刷,パルプ・紙,スタンダード
3953.T,大村紙業,パルプ・紙,スタンダード
3954.T,昭和パックス,パルプ・紙,スタンダード
3955.T,イムラ,パルプ・紙,スタンダード
3958.T,笹徳印刷,パルプ・紙,スタンダード
3961.T,シルバーエッグ・テクノロジー,情報・通信業,グロース
3962.T,チェンジホールディングス,情報・通信業,プライム
3963.T,シンクロ・フード,情報・通信業,プライム
3964.T,オークネット,情報・通信業,プライム
3965.T,キャピタル・アセット・プランニング,情報・通信業,スタンダード
3967.T,エルテス,情報・通信業,グロース
3968.T,セグエグループ,情報・通信業,プライム
3969.T,エイトレッド,情報・通信業,スタンダード
3970.T,イノベーション,情報・通信業,グロース
3974.T,ＳＣＡＴ,情報・通信業,スタンダード
3976.T,シャノン,情報・通信業,グロース
3979.T,うるる,情報・通信業,グロース
3981.T,ビーグリー,情報・通信業,スタンダード
3983.T,オロ,情報・通信業,プライム
3984.T,ユーザーローカル,情報・通信業,プライム
3985.T,テモナ,情報・通信業,スタンダード
3986.T,ビーブレイクシステムズ,情報・通信業,グロース
3987.T,エコモット,情報・通信業,グロース
3988.T,ＳＹＳホールディングス,情報・通信業,スタンダード
3989.T,シェアリングテクノロジー,情報・通信業,グロース
3991.T,ウォンテッドリー,情報・通信業,グロース
3992.T,ニーズウェル,情報・通信業,プライム
3993.T,ＰＫＳＨＡ　Ｔｅｃｈｎｏｌｏｇｙ,情報・通信業,プライム
3994.T,マネーフォワード,情報・通信業,プライム
3996.T,サインポスト,情報・通信業,スタンダード
3997.T,トレードワークス,情報・通信業,スタンダード
3998.T,すららネット,情報・通信業,グロース
4004.T,レゾナック・ホールディングス,化学,プライム
4005.T,住友化学,化学,プライム
4008.T,住友精化,化学,プライム
4011.T,ヘッドウォータース,情報・通信業,グロース
4012.T,アクシス,情報・通信業,スタンダード
4013.T,勤次郎,情報・通信業,グロース
4014.T,カラダノート,情報・通信業,グロース
4015.T,ペイクラウドホールディングス,情報・通信業,グロース
4016.T,ＭＩＴホールディングス,情報・通信業,スタンダード
4017.T,クリーマ,情報・通信業,グロース
4019.T,スタメン,情報・通信業,グロース
4020.T,ビートレンド,情報・通信業,グロース
4021.T,日産化学,化学,プライム
4022.T,ラサ工業,化学,プライム
4023.T,クレハ,化学,プライム
4025.T,多木化学,化学,プライム
4026.T,神島化学工業,ガラス・土石製品,スタンダード
4027.T,テイカ,化学,プライム
4028.T,石原産業,化学,プライム
4031.T,片倉コープアグリ,化学,スタンダード
4040.T,南海化学,化学,スタンダード
4041.T,日本曹達,化学,プライム
4042.T,東ソー,化学,プライム
4043.T,トクヤマ,化学,プライム
4044.T,セントラル硝子,化学,プライム
4045.T,東亞合成,化学,プライム
4046.T,大阪ソーダ,化学,プライム
4047.T,関東電化工業,化学,プライム
4051.T,ＧＭＯフィナンシャルゲート,情報・通信業,プライム
4052.T,フィーチャ,情報・通信業,グロース
4053.T,Ｓｕｎ　Ａｓｔｅｒｉｓｋ,情報・通信業,プライム
4054.T,日本情報クリエイト,情報・通信業,グロース
4055.T,ティアンドエスグループ,情報・通信業,グロース
4056.T,ニューラルグループ,情報・通信業,グロース
4057.T,インターファクトリー,情報・通信業,グロース
4058.T,トヨクモ,情報・通信業,グロース
4059.T,まぐまぐ,情報・通信業,スタンダード
4060.T,ｒａｋｕｍｏ,情報・通信業,グロース
4061.T,デンカ,化学,プライム
4062.T,イビデン,電気機器,プライム
4063.T,信越化学工業,化学,プライム
4064.T,日本カーバイド工業,化学,プライム
4068.T,ベイシス,情報・通信業,グロース
4069.T,ＢｌｕｅＭｅｍｅ,情報・通信業,グロース
4071.T,プラスアルファ・コンサルティング,情報・通信業,プライム
4072.T,電算システムホールディングス,情報・通信業,プライム
4073.T,ジィ・シィ企画,情報・通信業,グロース
4074.T,ラキール,情報・通信業,グロース
4075.T,ブレインズテクノロジー,情報・通信業,グロース
4076.T,シイエヌエス,情報・通信業,グロース
4078.T,堺化学工業,化学,プライム
4082.T,第一稀元素化学工業,化学,プライム
4088.T,エア・ウォーター,化学,プライム
4091.T,日本酸素ホールディングス,化学,プライム
4092.T,日本化学工業,化学,プライム
4093.T,東邦アセチレン,化学,スタンダード
4094.T,日本化学産業,化学,スタンダード
4095.T,日本パーカライジング,化学,プライム
4097.T,高圧ガス工業,化学,プライム
4098.T,チタン工業,化学,スタンダード
4099.T,四国化成ホールディングス,化学,プライム
4100.T,戸田工業,化学,スタンダード
4102.T,丸尾カルシウム,化学,スタンダード
4107.T,伊勢化学工業,化学,スタンダード
4109.T,ステラ　ケミファ,化学,プライム
4112.T,保土谷化学工業,化学,プライム
4113.T,田岡化学工業,化学,スタンダード
4114.T,日本触媒,化学,プライム
4116.T,大日精化工業,化学,プライム
4118.T,カネカ,化学,プライム
4119.T,日本ピグメントホールディングス,化学,スタンダード
4120.T,スガイ化学工業,化学,スタンダード
4124.T,大阪油化工業,化学,スタンダード
4125.T,三和油化工業,化学,スタンダード
4151.T,協和キリン,医薬品,プライム
4165.T,プレイド,情報・通信業,グロース
4166.T,かっこ,情報・通信業,グロース
4167.T,ココペリ,情報・通信業,グロース
4168.T,ヤプリ,情報・通信業,グロース
4169.T,ＥＮＥＣＨＡＮＧＥ,情報・通信業,グロース
4170.T,Ｋａｉｚｅｎ　Ｐｌａｔｆｏｒｍ,情報・通信業,グロース
4171.T,グローバルインフォメーション,情報・通信業,スタンダード
4172.T,Ｈｉクラテス,情報・通信業,スタンダード
4174.T,アピリッツ,情報・通信業,スタンダード
4175.T,ｃｏｌｙ,情報・通信業,グロース
4176.T,ココナラ,情報・通信業,グロース
4177.T,ｉ‐ｐｌｕｇ,情報・通信業,グロース
4178.T,Ｓｈａｒｉｎｇ　Ｉｎｎｏｖａｔｉｏｎｓ,情報・通信業,グロース
4179.T,ジーネクスト,情報・通信業,グロース
4180.T,Ａｐｐｉｅｒ　Ｇｒｏｕｐ,情報・通信業,プライム
4182.T,三菱瓦斯化学,化学,プライム
4183.T,三井化学,化学,プライム
4186.T,東京応化工業,化学,プライム
4187.T,大阪有機化学工業,化学,プライム
4188.T,三菱ケミカルグループ,化学,プライム
4189.T,ＫＨネオケム,化学,プライム
4192.T,スパイダープラス,情報・通信業,グロース
4193.T,ファブリカホールディングス,情報・通信業,スタンダード
4194.T,ビジョナル,情報・通信業,プライム
4196.T,ネオマーケティング,情報・通信業,スタンダード
4197.T,アスマーク,情報・通信業,スタンダード
4198.T,テンダ,情報・通信業,スタンダード
4199.T,ワンダープラネット,情報・通信業,グロース
4202.T,ダイセル,化学,プライム
4203.T,住友ベークライト,化学,プライム
4204.T,積水化学工業,化学,プライム
4205.T,日本ゼオン,化学,プライム
4206.T,アイカ工業,化学,プライム
4208.T,ＵＢＥ,化学,プライム
4212.T,積水樹脂,化学,プライム
4216.T,旭有機材,化学,プライム
4218.T,ニチバン,化学,プライム
4220.T,リケンテクノス,化学,プライム
4221.T,大倉工業,化学,プライム
4222.T,児玉化学工業,化学,スタンダード
4224.T,ロンシール工業,化学,スタンダード
4228.T,積水化成品工業,化学,プライム
4229.T,群栄化学工業,化学,プライム
4231.T,タイガースポリマー,化学,スタンダード
4234.T,サンエー化研,化学,スタンダード
4235.T,ウルトラファブリックス・ホールディングス,化学,スタンダード
4237.T,フジプレアム,化学,スタンダード
4238.T,ミライアル,化学,スタンダード
4240.T,クラスターテクノロジー,化学,グロース
4241.T,アテクト,化学,スタンダード
4242.T,タカギセイコー,化学,スタンダード
4243.T,ニックス,化学,スタンダード
4245.T,ダイキアクシス,化学,スタンダード
4246.T,ダイキョーニシカワ,化学,プライム
4247.T,ポバール興業,化学,スタンダード
4248.T,竹本容器,化学,スタンダード
4249.T,森六,化学,プライム
4251.T,恵和,化学,プライム
4255.T,ＴＨＥＣＯＯ,情報・通信業,グロース
4256.T,サインド,情報・通信業,グロース
4258.T,網屋,情報・通信業,グロース
4259.T,エクサウィザーズ,情報・通信業,グロース
4260.T,ハイブリッドテクノロジーズ,情報・通信業,グロース
4261.T,アジアクエスト,情報・通信業,グロース
4262.T,ニフティライフスタイル,情報・通信業,グロース
4263.T,サスメド,情報・通信業,グロース
4264.T,セキュア,情報・通信業,グロース
4265.T,Ｉｎｓｔｉｔｕｔｉｏｎ　ｆｏｒ　ａ　Ｇｌｏｂａｌ　Ｓｏｃｉｅｔｙ,情報・通信業,グロース
4270.T,ＢｅｅＸ,情報・通信業,グロース
4272.T,日本化薬,化学,プライム
4274.T,細谷火工,化学,スタンダード
4275.T,カーリット,化学,プライム
4284.T,ソルクシーズ,情報・通信業,スタンダード
4286.T,ＣＬホールディングス,サービス業,スタンダード
4287.T,ジャストプランニング,情報・通信業,スタンダード
4288.T,アズジェント,情報・通信業,スタンダード
4290.T,プレステージ・インターナショナル,サービス業,プライム
4293.T,セプテーニ・ホールディングス,サービス業,スタンダード
4299.T,ハイマックス,情報・通信業,スタンダード
4301.T,アミューズ,サービス業,プライム
4307.T,野村総合研究所,情報・通信業,プライム
4308.T,Ｊストリーム,情報・通信業,グロース
4310.T,ドリームインキュベータ,サービス業,プライム
4316.T,ビーマップ,情報・通信業,グロース
4317.T,レイ,サービス業,スタンダード
4318.T,クイック,サービス業,プライム
4320.T,ＣＥホールディングス,情報・通信業,スタンダード
4323.T,日本システム技術,情報・通信業,プライム
4324.T,電通グループ,サービス業,プライム
4326.T,インテージホールディングス,情報・通信業,プライム
4331.T,テイクアンドギヴ・ニーズ,サービス業,プライム
4333.T,東邦システムサイエンス,情報・通信業,プライム
4334.T,ユークス,情報・通信業,スタンダード
4335.T,ＩＰＳホールディングス,情報・通信業,スタンダード
4337.T,ぴあ,サービス業,プライム
4341.T,西菱電機,サービス業,スタンダード
4343.T,イオンファンタジー,サービス業,プライム
4344.T,ソースネクスト,情報・通信業,プライム
4345.T,シーティーエス,サービス業,プライム
4346.T,ＮＥＸＹＺ．Ｇｒｏｕｐ,その他金融業,スタンダード
4347.T,ブロードメディア,サービス業,スタンダード
4350.T,メディカルシステムネットワーク,小売業,スタンダード
4351.T,山田再生系債権回収総合事務所,その他金融業,スタンダード
4356.T,応用技術,情報・通信業,スタンダード
4360.T,マナック・ケミカル・パートナーズ,化学,スタンダード
4361.T,川口化学工業,化学,スタンダード
4362.T,日本精化,化学,プライム
4365.T,松本油脂製薬,化学,スタンダード
4366.T,ダイトーケミックス,化学,スタンダード
4367.T,広栄化学,化学,スタンダード
4368.T,扶桑化学工業,化学,プライム
4369.T,トリケミカル研究所,化学,プライム
4370.T,モビルス,情報・通信業,グロース
4371.T,コアコンセプト・テクノロジー,情報・通信業,グロース
4372.T,ユミルリンク,情報・通信業,グロース
4373.T,シンプレクス・ホールディングス,情報・通信業,プライム
4374.T,ＲＯＢＯＴ　ＰＡＹＭＥＮＴ,情報・通信業,グロース
4375.T,セーフィー,情報・通信業,グロース
4376.T,くふうカンパニーホールディングス,情報・通信業,グロース
4377.T,ワンキャリア,情報・通信業,グロース
4378.T,ＣＩＮＣ,情報・通信業,グロース
4379.T,Ｐｈｏｔｏｓｙｎｔｈ,情報・通信業,グロース
4380.T,Ｍマート,情報・通信業,グロース
4381.T,ビープラッツ,情報・通信業,グロース
4382.T,ＨＥＲＯＺ,情報・通信業,スタンダード
4384.T,ラクスル,情報・通信業,プライム
4385.T,メルカリ,情報・通信業,プライム
4386.T,ＳＩＧグループ,情報・通信業,スタンダード
4387.T,ＺＵＵ,情報・通信業,グロース
4388.T,エーアイ,情報・通信業,スタンダード
4389.T,プロパティデータバンク,情報・通信業,グロース
4390.T,ＩＰＳ,情報・通信業,プライム
4391.T,ロジザード,情報・通信業,グロース
4392.T,ＦＩＧ,情報・通信業,プライム
4393.T,バンク・オブ・イノベーション,情報・通信業,グロース
4394.T,エクスモーション,情報・通信業,グロース
4395.T,アクリート,情報・通信業,グロース
4396.T,システムサポートホールディングス,情報・通信業,プライム
4397.T,チームスピリット,情報・通信業,グロース
4398.T,ブロードバンドセキュリティ,情報・通信業,スタンダード
4401.T,ＡＤＥＫＡ,化学,プライム
4403.T,日油,化学,プライム
4404.T,ミヨシ油脂,食料品,スタンダード
4406.T,新日本理化,化学,スタンダード
4409.T,東邦化学工業,化学,スタンダード
4410.T,ハリマ化成グループ,化学,プライム
4412.T,サイエンスアーツ,情報・通信業,グロース
4413.T,ボードルア,情報・通信業,プライム
4414.T,フレクト,情報・通信業,グロース
4415.T,ブロードエンタープライズ,情報・通信業,グロース
4416.T,Ｔｒｕｅ　Ｄａｔａ,情報・通信業,グロース
4417.T,グローバルセキュリティエキスパート,情報・通信業,グロース
4418.T,ＪＤＳＣ,情報・通信業,グロース
4419.T,Ｆｉｎａｔｅｘｔホールディングス,情報・通信業,グロース
4420.T,イーソル,情報・通信業,スタンダード
4421.T,ディ・アイ・システム,情報・通信業,スタンダード
4422.T,ＶＡＬＵＥＮＥＸ,情報・通信業,グロース
4424.T,Ａｍａｚｉａ,情報・通信業,グロース
4425.T,Ｋｕｄａｎ,情報・通信業,グロース
4427.T,ＥｄｕＬａｂ,情報・通信業,グロース
4428.T,シノプス,情報・通信業,グロース
4429.T,リックソフト,情報・通信業,グロース
4430.T,東海ソフト,情報・通信業,スタンダード
4431.T,スマレジ,情報・通信業,グロース
4432.T,ウイングアーク１ｓｔ,情報・通信業,プライム
4433.T,ヒト・コミュニケーションズ・ホールディングス,情報・通信業,プライム
4434.T,サーバーワークス,情報・通信業,スタンダード
4436.T,ミンカブ・ジ・インフォノイド,情報・通信業,グロース
4437.T,ｇｏｏｄｄａｙｓホールディングス,情報・通信業,グロース
4438.T,Ｗｅｌｂｙ,情報・通信業,グロース
4439.T,東名,情報・通信業,スタンダード
4440.T,ヴィッツ,情報・通信業,スタンダード
4441.T,トビラシステムズ,情報・通信業,スタンダード
4442.T,バルテス・ホールディングス,情報・通信業,グロース
4443.T,Ｓａｎｓａｎ,情報・通信業,プライム
4444.T,インフォネット,情報・通信業,グロース
4445.T,リビン・テクノロジーズ,情報・通信業,グロース
4446.T,Ｌｉｎｋ－Ｕグループ,情報・通信業,プライム
4447.T,ピー・ビーシステムズ,情報・通信業,グロース
4448.T,ｋｕｂｅｌｌ,情報・通信業,グロース
4449.T,ギフティ,情報・通信業,プライム
4450.T,パワーソリューションズ,情報・通信業,グロース
4452.T,花王,化学,プライム
4461.T,第一工業製薬,化学,プライム
4462.T,石原ケミカル,化学,プライム
4463.T,日華化学,化学,スタンダード
4464.T,ソフト９９コーポレーション,化学,スタンダード
4465.T,ニイタカ,化学,スタンダード
4471.T,三洋化成工業,化学,プライム
4475.T,ＨＥＮＮＧＥ,情報・通信業,グロース
4476.T,ＡＩ　ＣＲＯＳＳ,情報・通信業,グロース
4477.T,ＢＡＳＥ,情報・通信業,グロース
4478.T,フリー,情報・通信業,グロース
4479.T,マクアケ,情報・通信業,グロース
4480.T,メドレー,情報・通信業,プライム
4481.T,ベース,情報・通信業,プライム
4482.T,ウィルズ,情報・通信業,グロース
4483.T,ＪＭＤＣ,情報・通信業,プライム
4484.T,ランサーズ,情報・通信業,グロース
4486.T,ユナイトアンドグロウ,情報・通信業,グロース
4487.T,スペースマーケット,情報・通信業,グロース
4488.T,ＡＩ　ｉｎｓｉｄｅ,情報・通信業,グロース
4490.T,ビザスク,情報・通信業,グロース
4491.T,コンピューターマネージメント,情報・通信業,スタンダード
4492.T,ゼネテック,情報・通信業,スタンダード
4493.T,サイバーセキュリティクラウド,情報・通信業,グロース
4494.T,バリオセキュア,情報・通信業,スタンダード
4495.T,アイキューブドシステムズ,情報・通信業,グロース
4496.T,コマースＯｎｅホールディングス,情報・通信業,グロース
4498.T,サイバートラスト,情報・通信業,グロース
4499.T,Ｓｐｅｅｅ,情報・通信業,スタンダード
4502.T,武田薬品工業,医薬品,プライム
4503.T,アステラス製薬,医薬品,プライム
4506.T,住友ファーマ,医薬品,プライム
4507.T,塩野義製薬,医薬品,プライム
4512.T,わかもと製薬,医薬品,スタンダード
4516.T,日本新薬,医薬品,プライム
4519.T,中外製薬,医薬品,プライム
4521.T,科研製薬,医薬品,プライム
4523.T,エーザイ,医薬品,プライム
4524.T,森下仁丹,医薬品,スタンダード
4526.T,理研ビタミン,食料品,プライム
4527.T,ロート製薬,医薬品,プライム
4528.T,小野薬品工業,医薬品,プライム
4530.T,久光製薬,医薬品,プライム
4531.T,有機合成薬品工業,化学,スタンダード
4534.T,持田製薬,医薬品,プライム
4536.T,参天製薬,医薬品,プライム
4538.T,扶桑薬品工業,医薬品,プライム
4539.T,日本ケミファ,医薬品,スタンダード
4540.T,ツムラ,医薬品,プライム
4543.T,テルモ,精密機器,プライム
4544.T,Ｈ．Ｕ．グループホールディングス,サービス業,プライム
4547.T,キッセイ薬品工業,医薬品,プライム
4548.T,生化学工業,医薬品,プライム
4549.T,栄研化学,医薬品,プライム
4552.T,ＪＣＲファーマ,医薬品,プライム
4553.T,東和薬品,医薬品,プライム
4554.T,富士製薬工業,医薬品,プライム
4556.T,カイノス,医薬品,スタンダード
4558.T,中京医薬品,医薬品,スタンダード
4559.T,ゼリア新薬工業,医薬品,プライム
4563.T,アンジェス,医薬品,グロース
4564.T,オンコセラピー・サイエンス,医薬品,グロース
4565.T,ネクセラファーマ,医薬品,プライム
4568.T,第一三共,医薬品,プライム
4569.T,杏林製薬,医薬品,プライム
4570.T,免疫生物研究所,医薬品,グロース
4571.T,ＮＡＮＯホールディングス,医薬品,グロース
4572.T,カルナバイオサイエンス,医薬品,グロース
4574.T,大幸薬品,医薬品,プライム
4575.T,キャンバス,医薬品,グロース
4576.T,デ・ウエスタン・セラピテクス研究所,医薬品,グロース
4577.T,ダイト,医薬品,プライム
4578.T,大塚ホールディングス,医薬品,プライム
4579.T,ラクオリア創薬,医薬品,グロース
4582.T,シンバイオ製薬,医薬品,グロース
4583.T,カイオム・バイオサイエンス,医薬品,グロース
4584.T,キッズウェル・バイオ,医薬品,グロース
4586.T,メドレックス,医薬品,グロース
4587.T,ペプチドリーム,医薬品,プライム
4588.T,オンコリスバイオファーマ,医薬品,グロース
4591.T,リボミック,医薬品,グロース
4592.T,サンバイオ,医薬品,グロース
4593.T,ヘリオス,医薬品,グロース
4594.T,ブライトパス・バイオ,医薬品,グロース
4595.T,ミズホメディー,医薬品,スタンダード
4596.T,窪田製薬ホールディングス,医薬品,グロース
4597.T,ソレイジア・ファーマ,医薬品,グロース
4598.T,Ｄｅｌｔａ－Ｆｌｙ　Ｐｈａｒｍａ,医薬品,グロース
4599.T,ステムリム,医薬品,グロース
4611.T,大日本塗料,化学,プライム
4612.T,日本ペイントホールディングス,化学,プライム
4613.T,関西ペイント,化学,プライム
4615.T,神東塗料,化学,スタンダード
4616.T,川上塗料,化学,スタンダード
4617.T,中国塗料,化学,プライム
4619.T,日本特殊塗料,化学,スタンダード
4620.T,藤倉化成,化学,スタンダード
4623.T,アサヒペン,化学,スタンダード
4624.T,イサム塗料,化学,スタンダード
4625.T,アトミクス,化学,スタンダード
4626.T,太陽ホールディングス,化学,プライム
4627.T,ナトコ,化学,スタンダード
4628.T,エスケー化研,化学,スタンダード
4629.T,大伸化学,化学,スタンダード
4631.T,ＤＩＣ,化学,プライム
4633.T,サカタインクス,化学,プライム
4634.T,ａｒｔｉｅｎｃｅ,化学,プライム
4635.T,東京インキ,化学,スタンダード
4641.T,アルプス技研,サービス業,プライム
4642.T,オリジナル設計,サービス業,スタンダード
4644.T,イマジニア,情報・通信業,スタンダード
4645.T,市進ホールディングス,サービス業,スタンダード
4650.T,ＳＤエンターテイメント,サービス業,スタンダード
4651.T,サニックスホールディングス,サービス業,スタンダード
4657.T,環境管理センター,サービス業,スタンダード
4658.T,日本空調サービス,サービス業,プライム
4659.T,エイジス,サービス業,スタンダード
4661.T,オリエンタルランド,サービス業,プライム
4662.T,フォーカスシステムズ,情報・通信業,プライム
4664.T,アール・エス・シー,サービス業,スタンダード
4665.T,ダスキン,サービス業,プライム
4666.T,パーク２４,不動産業,プライム
4667.T,アイサンテクノロジー,情報・通信業,スタンダード
4668.T,明光ネットワークジャパン,サービス業,プライム
4671.T,ファルコホールディングス,サービス業,スタンダード
4673.T,川崎地質,サービス業,スタンダード
4674.T,クレスコ,情報・通信業,プライム
4676.T,フジ・メディア・ホールディングス,情報・通信業,プライム
4678.T,秀英予備校,サービス業,スタンダード
4679.T,田谷,サービス業,スタンダード
4680.T,ラウンドワン,サービス業,プライム
4681.T,リゾートトラスト,サービス業,プライム
4684.T,オービック,情報・通信業,プライム
4685.T,菱友システムズ,情報・通信業,スタンダード
4686.T,ジャストシステム,情報・通信業,プライム
4687.T,ＴＤＣソフト,情報・通信業,プライム
4689.T,ＬＩＮＥヤフー,情報・通信業,プライム
4690.T,日本パレットプール,サービス業,スタンダード
4691.T,ワシントンホテル,サービス業,スタンダード
4694.T,ビー・エム・エル,サービス業,プライム
4704.T,トレンドマイクロ,情報・通信業,プライム
4705.T,クリップコーポレーション,サービス業,スタンダード
4707.T,キタック,サービス業,スタンダード
4709.T,ＩＤホールディングス,情報・通信業,プライム
4712.T,ＫｅｙＨｏｌｄｅｒ,サービス業,スタンダード
4714.T,リソー教育グループ,サービス業,プライム
4716.T,日本オラクル,情報・通信業,スタンダード
4718.T,早稲田アカデミー,サービス業,プライム
4719.T,アルファシステムズ,情報・通信業,プライム
4720.T,城南進学研究社,サービス業,スタンダード
4722.T,フューチャー,情報・通信業,プライム
4725.T,ＣＡＣ　Ｈｏｌｄｉｎｇｓ,情報・通信業,プライム
4728.T,トーセ,情報・通信業,スタンダード
4732.T,ユー・エス・エス,サービス業,プライム
4733.T,オービックビジネスコンサルタント,情報・通信業,プライム
4735.T,京進,サービス業,スタンダード
4736.T,日本ラッド,情報・通信業,スタンダード
4743.T,アイティフォー,情報・通信業,プライム
4746.T,東計電算,情報・通信業,スタンダード
4750.T,ダイサン,サービス業,スタンダード
4751.T,サイバーエージェント,サービス業,プライム
4752.T,昭和システムエンジニアリング,情報・通信業,スタンダード
4754.T,トスネット,サービス業,スタンダード
4755.T,楽天グループ,サービス業,プライム
4760.T,アルファ,サービス業,スタンダード
4761.T,さくらケーシーエス,情報・通信業,スタンダード
4762.T,エックスネット,情報・通信業,スタンダード
4763.T,クリーク・アンド・リバー社,サービス業,プライム
4765.T,ＳＢＩグローバルアセットマネジメント,サービス業,プライム
4766.T,ピーエイ,サービス業,スタンダード
4767.T,テー・オー・ダブリュー,サービス業,スタンダード
4768.T,大塚商会,情報・通信業,プライム
4769.T,ＩＣ,情報・通信業,スタンダード
4771.T,エフアンドエム,サービス業,スタンダード
4772.T,ＳＭ　ＥＮＴＥＲＴＡＩＮＭＥＮＴ　ＪＡＰＡＮ,情報・通信業,グロース
4776.T,サイボウズ,情報・通信業,プライム
4777.T,ガーラ,情報・通信業,スタンダード
4783.T,ＮＣＤ,情報・通信業,スタンダード
4784.T,ＧＭＯインターネット,サービス業,プライム
4792.T,山田コンサルティンググループ,サービス業,プライム
4800.T,オリコン,情報・通信業,スタンダード
4801.T,セントラルスポーツ,サービス業,プライム
4809.T,パラカ,不動産業,プライム
4811.T,ドリーム・アーツ,情報・通信業,グロース
4812.T,電通総研,情報・通信業,プライム
4813.T,ＡＣＣＥＳＳ,情報・通信業,プライム
4814.T,ネクストウェア,情報・通信業,スタンダード
4816.T,東映アニメーション,情報・通信業,スタンダード
4819.T,デジタルガレージ,情報・通信業,プライム
4820.T,イーエムシステムズ,情報・通信業,プライム
4825.T,ウェザーニューズ,情報・通信業,プライム
4826.T,ＣＩＪ,情報・通信業,プライム
4828.T,ビジネスエンジニアリング,情報・通信業,プライム
4829.T,日本エンタープライズ,情報・通信業,スタンダード
4832.T,ＪＦＥシステムズ,情報・通信業,スタンダード
4833.T,Ｄｅｆ　ｃｏｎｓｕｌｔｉｎｇ,サービス業,グロース
4838.T,スペースシャワーＳＫＩＹＡＫＩホールディングス,情報・通信業,スタンダード
4839.T,ＷＯＷＯＷ,情報・通信業,プライム
4840.T,トライアイズ,サービス業,スタンダード
4845.T,スカラ,情報・通信業,プライム
4847.T,インテリジェント　ウェイブ,情報・通信業,プライム
4848.T,フルキャストホールディングス,サービス業,プライム
4849.T,エン,サービス業,プライム
4880.T,セルソース,医薬品,プライム
4881.T,ファンペップ,医薬品,グロース
4882.T,ペルセウスプロテオミクス,医薬品,グロース
4883.T,モダリス,医薬品,グロース
4884.T,クリングルファーマ,医薬品,グロース
4885.T,室町ケミカル,医薬品,スタンダード
4886.T,あすか製薬ホールディングス,医薬品,プライム
4887.T,サワイグループホールディングス,医薬品,プライム
4888.T,ステラファーマ,医薬品,グロース
4889.T,レナサイエンス,医薬品,グロース
4890.T,坪田ラボ,医薬品,グロース
4891.T,ティムス,医薬品,グロース
4892.T,サイフューズ,医薬品,グロース
4893.T,ノイルイミューン・バイオテック,医薬品,グロース
4894.T,クオリプス,医薬品,グロース
4896.T,ケイファーマ,医薬品,グロース
4901.T,富士フイルムホールディングス,化学,プライム
4902.T,コニカミノルタ,電気機器,プライム
4911.T,資生堂,化学,プライム
4912.T,ライオン,化学,プライム
4914.T,高砂香料工業,化学,プライム
4917.T,マンダム,化学,プライム
4918.T,アイビー化粧品,化学,スタンダード
4919.T,ミルボン,化学,プライム
4920.T,日本色材工業研究所,化学,スタンダード
4922.T,コーセーホールディングス,化学,プライム
4923.T,コタ,化学,プライム
4925.T,ハーバー研究所,化学,スタンダード
4926.T,シーボン,化学,スタンダード
4927.T,ポーラ・オルビスホールディングス,化学,プライム
4928.T,ノエビアホールディングス,化学,プライム
4929.T,アジュバンホールディングス,化学,スタンダード
4931.T,新日本製薬,化学,プライム
4932.T,アルマード,化学,スタンダード
4933.T,Ｉ－ｎｅ,化学,プライム
4934.T,プレミアアンチエイジング,化学,グロース
4935.T,リベルタ,化学,スタンダード
4936.T,アクシージア,化学,スタンダード
4937.T,Ｗａｑｏｏ,化学,グロース
4951.T,エステー,化学,プライム
4956.T,コニシ,化学,プライム
4957.T,ヤスハラケミカル,化学,スタンダード
4958.T,長谷川香料,化学,プライム
4960.T,ケミプロ化成,化学,スタンダード
4966.T,上村工業,化学,スタンダード
4967.T,小林製薬,化学,プライム
4968.T,荒川化学工業,化学,プライム
4970.T,東洋合成工業,化学,スタンダード
4971.T,メック,化学,プライム
4972.T,綜研化学,化学,スタンダード
4973.T,日本高純度化学,化学,プライム
4974.T,タカラバイオ,化学,プライム
4975.T,ＪＣＵ,化学,プライム
4976.T,東洋ドライルーブ,化学,スタンダード
4977.T,新田ゼラチン,化学,スタンダード
4978.T,リプロセル,化学,グロース
4979.T,ＯＡＴアグリオ,化学,スタンダード
4980.T,デクセリアルズ,化学,プライム
4985.T,アース製薬,化学,プライム
4990.T,昭和化学工業,化学,スタンダード
4992.T,北興化学工業,化学,スタンダード
4994.T,大成ラミックグループ,化学,スタンダード
4996.T,クミアイ化学工業,化学,プライム
4997.T,日本農薬,化学,プライム
4998.T,フマキラー,化学,スタンダード
5010.T,日本精蝋,石油・石炭製品,スタンダード
5011.T,ニチレキグループ,石油・石炭製品,プライム
5013.T,ユシロ,石油・石炭製品,スタンダード
5015.T,ビーピー・カストロール,石油・石炭製品,スタンダード
5016.T,ＪＸ金属,非鉄金属,プライム
5018.T,ＭＯＲＥＳＣＯ,石油・石炭製品,スタンダード
5019.T,出光興産,石油・石炭製品,プライム
5020.T,ＥＮＥＯＳホールディングス,石油・石炭製品,プライム
5021.T,コスモエネルギーホールディングス,石油・石炭製品,プライム
5025.T,マーキュリー,情報・通信業,グロース
5026.T,トリプルアイズ,情報・通信業,グロース
5027.T,ＡｎｙＭｉｎｄ　Ｇｒｏｕｐ,情報・通信業,グロース
5028.T,セカンドサイトアナリティカ,情報・通信業,グロース
5029.T,サークレイス,情報・通信業,グロース
5031.T,モイ,情報・通信業,グロース
5032.T,ＡＮＹＣＯＬＯＲ,情報・通信業,プライム
5033.T,ヌーラボ,情報・通信業,グロース
5034.T,ｕｎｅｒｒｙ,情報・通信業,グロース
5035.T,ＨＯＵＳＥＩ,情報・通信業,グロース
5036.T,日本ビジネスシステムズ,情報・通信業,プライム
5038.T,ｅＷｅＬＬ,情報・通信業,グロース
5071.T,ヴィス,サービス業,スタンダード
5074.T,テスホールディングス,建設業,プライム
5076.T,インフロニア・ホールディングス,建設業,プライム
50765.T,インフロニア・ホールディングス第１回社債型種類株式,建設業,プライム
5078.T,セレコーポレーション,建設業,スタンダード
5079.T,ノバック,建設業,スタンダード
5101.T,横浜ゴム,ゴム製品,プライム
5103.T,昭和ホールディングス,ゴム製品,スタンダード
5105.T,ＴＯＹＯ　ＴＩＲＥ,ゴム製品,プライム
5108.T,ブリヂストン,ゴム製品,プライム
5110.T,住友ゴム工業,ゴム製品,プライム
5121.T,藤倉コンポジット,ゴム製品,プライム
5122.T,オカモト,ゴム製品,プライム
5125.T,ファインズ,情報・通信業,グロース
5126.T,ポーターズ,情報・通信業,グロース
5129.T,ＦＩＸＥＲ,情報・通信業,グロース
5131.T,リンカーズ,情報・通信業,グロース
5132.T,ｐｌｕｓｚｅｒｏ,情報・通信業,グロース
5133.T,テリロジーホールディングス,情報・通信業,スタンダード
5134.T,ＰＯＰＥＲ,情報・通信業,グロース
5136.T,ｔｒｉｐｌａ,情報・通信業,グロース
5137.T,スマートドライブ,情報・通信業,グロース
5138.T,Ｒｅｂａｓｅ,情報・通信業,グロース
5139.T,オープンワーク,情報・通信業,グロース
5142.T,アキレス,化学,プライム
5161.T,西川ゴム工業,ゴム製品,スタンダード
5162.T,朝日ラバー,ゴム製品,スタンダード
5184.T,ニチリン,ゴム製品,スタンダード
5185.T,フコク,ゴム製品,プライム
5186.T,ニッタ,ゴム製品,プライム
5187.T,クリエートメディック,精密機器,スタンダード
5189.T,櫻護謨,ゴム製品,スタンダード
5192.T,三ツ星ベルト,ゴム製品,プライム
5194.T,相模ゴム工業,ゴム製品,スタンダード
5195.T,バンドー化学,ゴム製品,プライム
5199.T,不二ラテックス,ゴム製品,スタンダード
5201.T,ＡＧＣ,ガラス・土石製品,プライム
5202.T,日本板硝子,ガラス・土石製品,プライム
5204.T,石塚硝子,ガラス・土石製品,スタンダード
5208.T,有沢製作所,化学,プライム
5210.T,日本山村硝子,ガラス・土石製品,スタンダード
5214.T,日本電気硝子,ガラス・土石製品,プライム
5216.T,倉元製作所,ガラス・土石製品,スタンダード
5218.T,オハラ,ガラス・土石製品,スタンダード
5232.T,住友大阪セメント,ガラス・土石製品,プライム
5233.T,太平洋セメント,ガラス・土石製品,プライム
5237.T,ノザワ,ガラス・土石製品,スタンダード
5240.T,ｍｏｎｏＡＩ　ｔｅｃｈｎｏｌｏｇｙ,情報・通信業,グロース
5242.T,アイズ,情報・通信業,グロース
5243.T,ｎｏｔｅ,情報・通信業,グロース
5244.T,ｊｉｇ．ｊｐ,情報・通信業,グロース
5246.T,ＥＬＥＭＥＮＴＳ,情報・通信業,グロース
5247.T,ＢＴＭ,情報・通信業,グロース
5248.T,テクノロジーズ,情報・通信業,グロース
5250.T,プライム・ストラテジー,情報・通信業,スタンダード
5252.T,日本ナレッジ,情報・通信業,グロース
5253.T,カバー,情報・通信業,グロース
5254.T,Ａｒｅｎｔ,情報・通信業,グロース
5255.T,モンスターラボ,情報・通信業,グロース
5256.T,Ｆｕｓｉｃ,情報・通信業,グロース
5257.T,ノバシステム,情報・通信業,スタンダード
5258.T,トランザクション・メディア・ネットワークス,情報・通信業,グロース
5259.T,ＢＢＤイニシアティブ,情報・通信業,グロース
5261.T,リソルホールディングス,サービス業,プライム
5262.T,日本ヒューム,ガラス・土石製品,プライム
5268.T,旭コンクリート工業,ガラス・土石製品,スタンダード
5269.T,日本コンクリート工業,ガラス・土石製品,プライム
5271.T,トーヨーアサノ,ガラス・土石製品,スタンダード
5273.T,三谷セキサン,ガラス・土石製品,スタンダード
5279.T,日本興業,ガラス・土石製品,スタンダード
5280.T,ヨシコン,不動産業,スタンダード
5282.T,ジオスター,ガラス・土石製品,スタンダード
5283.T,高見澤,卸売業,スタンダード
5284.T,ヤマウホールディングス,ガラス・土石製品,スタンダード
5285.T,ヤマックス,ガラス・土石製品,スタンダード
5287.T,イトーヨーギョー,ガラス・土石製品,スタンダード
5288.T,アジアパイルホールディングス,ガラス・土石製品,プライム
5290.T,ベルテクスコーポレーション,ガラス・土石製品,スタンダード
5301.T,東海カーボン,ガラス・土石製品,プライム
5302.T,日本カーボン,ガラス・土石製品,プライム
5304.T,ＳＥＣカーボン,ガラス・土石製品,スタンダード
5310.T,東洋炭素,ガラス・土石製品,プライム
5331.T,ノリタケ,ガラス・土石製品,プライム
5332.T,ＴＯＴＯ,ガラス・土石製品,プライム
5333.T,日本碍子,ガラス・土石製品,プライム
5334.T,日本特殊陶業,ガラス・土石製品,プライム
5337.T,ダントーホールディングス,ガラス・土石製品,スタンダード
5341.T,ＡＳＡＨＩ　ＥＩＴＯホールディングス,ガラス・土石製品,スタンダード
5344.T,ＭＡＲＵＷＡ,ガラス・土石製品,プライム
5351.T,品川リフラ,ガラス・土石製品,プライム
5352.T,黒崎播磨,ガラス・土石製品,プライム
5355.T,日本坩堝,ガラス・土石製品,スタンダード
5356.T,美濃窯業,ガラス・土石製品,スタンダード
5357.T,ヨータイ,ガラス・土石製品,プライム
5363.T,東京窯業,ガラス・土石製品,スタンダード
5367.T,ニッカトー,ガラス・土石製品,スタンダード
5368.T,日本インシュレーション,ガラス・土石製品,スタンダード
5380.T,新東,ガラス・土石製品,スタンダード
5381.T,マイポックス,ガラス・土石製品,スタンダード
5384.T,フジミインコーポレーテッド,ガラス・土石製品,プライム
5386.T,鶴弥,ガラス・土石製品,スタンダード
5388.T,クニミネ工業,ガラス・土石製品,スタンダード
5391.T,エーアンドエーマテリアル,ガラス・土石製品,スタンダード
5393.T,ニチアス,ガラス・土石製品,プライム
5401.T,日本製鉄,鉄鋼,プライム
5406.T,神戸製鋼所,鉄鋼,プライム
5408.T,中山製鋼所,鉄鋼,プライム
5410.T,合同製鐵,鉄鋼,プライム
5411.T,ＪＦＥホールディングス,鉄鋼,プライム
5423.T,東京製鐵,鉄鋼,プライム
5440.T,共英製鋼,鉄鋼,プライム
5444.T,大和工業,鉄鋼,プライム
5445.T,東京鐵鋼,鉄鋼,プライム
5446.T,北越メタル,鉄鋼,スタンダード
5449.T,大阪製鐵,鉄鋼,スタンダード
5451.T,ヨドコウ,鉄鋼,プライム
5458.T,高砂鐵工,鉄鋼,スタンダード
5461.T,中部鋼鈑,鉄鋼,プライム
5463.T,丸一鋼管,鉄鋼,プライム
5464.T,モリ工業,鉄鋼,スタンダード
5471.T,大同特殊鋼,鉄鋼,プライム
5480.T,日本冶金工業,鉄鋼,プライム
5482.T,愛知製鋼,鉄鋼,プライム
5484.T,東北特殊鋼,鉄鋼,スタンダード
5491.T,日本金属,鉄鋼,スタンダード
5527.T,ｐｒｏｐｅｒｔｙ　ｔｅｃｈｎｏｌｏｇｉｅｓ,不動産業,グロース
5532.T,リアルゲイト,不動産業,グロース
5533.T,エリッツホールディングス,不動産業,スタンダード
5535.T,ミガロホールディングス,不動産業,プライム
5537.T,ＡｌｂａＬｉｎｋ,不動産業,グロース
5541.T,大平洋金属,鉄鋼,プライム
5542.T,新報国マテリアル,鉄鋼,スタンダード
5563.T,新日本電工,鉄鋼,プライム
5570.T,ジェノバ,情報・通信業,グロース
5571.T,エキサイトホールディングス,情報・通信業,スタンダード
5572.T,Ｒｉｄｇｅ－ｉ,情報・通信業,グロース
5574.T,ＡＢＥＪＡ,情報・通信業,グロース
5575.T,Ｇｌｏｂｅｅ,情報・通信業,グロース
5576.T,オービーシステム,情報・通信業,スタンダード
5578.T,ＡＲアドバンストテクノロジ,情報・通信業,グロース
5580.T,プロディライト,情報・通信業,グロース
5582.T,グリッド,情報・通信業,グロース
5586.T,Ｌａｂｏｒｏ．ＡＩ,情報・通信業,グロース
5587.T,インバウンドプラットフォーム,情報・通信業,グロース
5588.T,ファーストアカウンティング,情報・通信業,グロース
5589.T,オートサーバー,情報・通信業,スタンダード
5590.T,ネットスターズ,情報・通信業,グロース
5591.T,ＡＶＩＬＥＮ,情報・通信業,グロース
5592.T,くすりの窓口,情報・通信業,グロース
5596.T,アウトルックコンサルティング,情報・通信業,グロース
5597.T,ブルーイノベーション,情報・通信業,グロース
5599.T,Ｓ＆Ｊ,情報・通信業,グロース
5602.T,栗本鐵工所,鉄鋼,プライム
5603.T,虹技,鉄鋼,スタンダード
5609.T,日本鋳造,鉄鋼,スタンダード
5612.T,日本鋳鉄管,鉄鋼,スタンダード
5616.T,雨風太陽,情報・通信業,グロース
5618.T,ナイル,情報・通信業,グロース
5619.T,マーソ,情報・通信業,グロース
5621.T,ヒューマンテクノロジーズ,情報・通信業,グロース
5631.T,日本製鋼所,機械,プライム
5632.T,三菱製鋼,鉄鋼,プライム
5644.T,メタルアート,鉄鋼,スタンダード
5658.T,日亜鋼業,鉄鋼,スタンダード
5659.T,日本精線,鉄鋼,プライム
5660.T,神鋼鋼線工業,鉄鋼,スタンダード
5695.T,パウダーテック,鉄鋼,スタンダード
5697.T,サンユウ,鉄鋼,スタンダード
5698.T,エンビプロ・ホールディングス,鉄鋼,スタンダード
5699.T,イボキン,鉄鋼,スタンダード
5702.T,大紀アルミニウム工業所,非鉄金属,プライム
5703.T,日本軽金属ホールディングス,非鉄金属,プライム
5704.T,ＪＭＣ,非鉄金属,グロース
5706.T,三井金属,非鉄金属,プライム
5707.T,東邦亜鉛,非鉄金属,プライム
5711.T,三菱マテリアル,非鉄金属,プライム
5713.T,住友金属鉱山,非鉄金属,プライム
5714.T,ＤＯＷＡホールディングス,非鉄金属,プライム
5715.T,古河機械金属,非鉄金属,プライム
5721.T,エス・サイエンス,非鉄金属,スタンダード
5724.T,アサカ理研,非鉄金属,スタンダード
5726.T,大阪チタニウムテクノロジーズ,非鉄金属,プライム
5727.T,東邦チタニウム,非鉄金属,プライム
5729.T,日本精鉱,非鉄金属,スタンダード
5741.T,ＵＡＣＪ,非鉄金属,プライム
5742.T,エヌアイシ・オートテック,非鉄金属,スタンダード
5753.T,日本伸銅,非鉄金属,スタンダード
5757.T,ＣＫサンエツ,非鉄金属,プライム
5801.T,古河電気工業,非鉄金属,プライム
5802.T,住友電気工業,非鉄金属,プライム
5803.T,フジクラ,非鉄金属,プライム
5805.T,ＳＷＣＣ,非鉄金属,プライム
5816.T,オーナンバ,非鉄金属,スタンダード
5817.T,ＪＭＡＣＳ,非鉄金属,スタンダード
5819.T,カナレ電気,非鉄金属,スタンダード
5820.T,三ッ星,非鉄金属,スタンダード
5821.T,平河ヒューテック,非鉄金属,プライム
5830.T,いよぎんホールディングス,銀行業,プライム
5831.T,しずおかフィナンシャルグループ,銀行業,プライム
5832.T,ちゅうぎんフィナンシャルグループ,銀行業,プライム
5834.T,ＳＢＩリーシングサービス,証券、商品先物取引業,グロース
5838.T,楽天銀行,銀行業,プライム
5842.T,インテグラル,証券、商品先物取引業,グロース
5843.T,ニッポンインシュア,その他金融業,スタンダード
5844.T,京都フィナンシャルグループ,銀行業,プライム
5845.T,全保連,その他金融業,スタンダード
5851.T,リョービ,非鉄金属,プライム
5852.T,アーレスティ,非鉄金属,プライム
5856.T,エルアイイーエイチ,小売業,スタンダード
5857.T,ＡＲＥホールディングス,非鉄金属,プライム
5858.T,ＳＴＧ,非鉄金属,グロース
5867.T,エスネットワークス,サービス業,グロース
5868.T,ロココ,サービス業,スタンダード
5869.T,早稲田学習研究会,サービス業,スタンダード
5870.T,ナルネットコミュニケーションズ,サービス業,グロース
5871.T,ＳＯＬＩＺＥ　Ｈｏｌｄｉｎｇｓ,サービス業,スタンダード
5884.T,クラダシ,小売業,グロース
5885.T,ジーデップ・アドバンス,卸売業,スタンダード
5888.T,ＤＡＩＷＡ　ＣＹＣＬＥ,小売業,グロース
5889.T,Ｊａｐａｎ　Ｅｙｅｗｅａｒ　Ｈｏｌｄｉｎｇｓ,小売業,プライム
5891.T,魁力屋,小売業,スタンダード
5892.T,ｙｕｔｏｒｉ,小売業,グロース
5900.T,ダイケン,金属製品,スタンダード
5901.T,東洋製罐グループホールディングス,金属製品,プライム
5902.T,ホッカンホールディングス,金属製品,プライム
5903.T,シンポ,金属製品,スタンダード
5905.T,日本製罐,金属製品,スタンダード
5906.T,エムケー精工,金属製品,スタンダード
5909.T,コロナ,金属製品,スタンダード
5911.T,横河ブリッジホールディングス,金属製品,プライム
5915.T,駒井ハルテック,金属製品,スタンダード
5918.T,瀧上工業,金属製品,スタンダード
5921.T,川岸工業,金属製品,スタンダード
5922.T,那須電機鉄工,金属製品,スタンダード
5923.T,高田機工,金属製品,スタンダード
5928.T,アルメタックス,金属製品,スタンダード
5929.T,三和ホールディングス,金属製品,プライム
5930.T,文化シヤッター,金属製品,プライム
5932.T,三協立山,金属製品,プライム
5933.T,アルインコ,金属製品,プライム
5936.T,東洋シヤッター,金属製品,スタンダード
5938.T,ＬＩＸＩＬ,金属製品,プライム
5939.T,大谷工業,金属製品,スタンダード
5940.T,不二サッシ,金属製品,スタンダード
5941.T,中西製作所,金属製品,スタンダード
5942.T,日本フイルコン,金属製品,スタンダード
5943.T,ノーリツ,金属製品,プライム
5945.T,天龍製鋸,金属製品,スタンダード
5946.T,長府製作所,金属製品,プライム
5947.T,リンナイ,金属製品,プライム
5949.T,ユニプレス,輸送用機器,プライム
5950.T,日本パワーファスニング,金属製品,スタンダード
5951.T,ダイニチ工業,金属製品,スタンダード
5952.T,アマテイ,金属製品,スタンダード
5955.T,ワイズホールディングス,金属製品,スタンダード
5956.T,トーソー,金属製品,スタンダード
5957.T,日東精工,金属製品,プライム
5958.T,三洋工業,金属製品,スタンダード
5959.T,岡部,金属製品,プライム
5962.T,浅香工業,その他製品,スタンダード
5965.T,フジマック,金属製品,スタンダード
5966.T,京都機械工具,金属製品,スタンダード
5967.T,ＴＯＮＥ,金属製品,スタンダード
5969.T,ロブテックス,金属製品,スタンダード
5970.T,ジーテクト,金属製品,プライム
5971.T,共和工業所,金属製品,スタンダード
5973.T,トーアミ,金属製品,スタンダード
5974.T,中国工業,金属製品,スタンダード
5975.T,東プレ,金属製品,プライム
5976.T,高周波熱錬,金属製品,プライム
5981.T,東京製綱,金属製品,プライム
5982.T,マルゼン,金属製品,スタンダード
5983.T,イワブチ,金属製品,スタンダード
5984.T,兼房,金属製品,スタンダード
5985.T,サンコール,金属製品,スタンダード
5986.T,モリテック　スチール,金属製品,スタンダード
5987.T,オーネックス,金属製品,スタンダード
5988.T,パイオラックス,金属製品,プライム
5989.T,エイチワン,金属製品,プライム
5990.T,スーパーツール,金属製品,スタンダード
5991.T,日本発條,金属製品,プライム
5992.T,中央発條,金属製品,スタンダード
5994.T,ファインシンター,金属製品,スタンダード
5997.T,協立エアテック,金属製品,スタンダード
5998.T,アドバネクス,金属製品,スタンダード
6005.T,三浦工業,機械,プライム
6013.T,タクマ,機械,プライム
6016.T,ジャパンエンジンコーポレーション,輸送用機器,スタンダード
6018.T,阪神内燃機工業,輸送用機器,スタンダード
6022.T,赤阪鐵工所,機械,スタンダード
6023.T,ダイハツインフィニアース,輸送用機器,スタンダード
6027.T,弁護士ドットコム,サービス業,プライム
6029.T,アトラグループ,サービス業,スタンダード
6030.T,アドベンチャー,サービス業,グロース
6031.T,ＺＥＴＡ,サービス業,グロース
6033.T,エクストリーム,サービス業,グロース
6034.T,ＭＲＴ,サービス業,グロース
6035.T,アイ・アールジャパンホールディングス,サービス業,プライム
6036.T,ＫｅｅＰｅｒ技研,サービス業,プライム
6037.T,楽待,サービス業,スタンダード
6038.T,イード,サービス業,グロース
6039.T,日本動物高度医療センター,サービス業,グロース
6040.T,日本スキー場開発,サービス業,グロース
6042.T,ニッキ,輸送用機器,スタンダード
6044.T,三機サービス,サービス業,スタンダード
6045.T,レントラックス,サービス業,グロース
6046.T,リンクバル,サービス業,グロース
6047.T,Ｇｕｎｏｓｙ,サービス業,プライム
6049.T,イトクロ,サービス業,グロース
6050.T,イー・ガーディアン,サービス業,プライム
6054.T,リブセンス,サービス業,スタンダード
6055.T,ジャパンマテリアル,サービス業,プライム
6058.T,ベクトル,サービス業,プライム
6059.T,ウチヤマホールディングス,サービス業,スタンダード
6061.T,ユニバーサル園芸社,サービス業,スタンダード
6062.T,チャーム・ケア・コーポレーション,サービス業,プライム
6063.T,日本エマージェンシーアシスタンス,サービス業,スタンダード
6069.T,トレンダーズ,サービス業,グロース
6070.T,キャリアリンク,サービス業,プライム
6071.T,ＩＢＪ,サービス業,プライム
6072.T,地盤ネットホールディングス,サービス業,スタンダード
6073.T,アサンテ,サービス業,プライム
6074.T,ジェイエスエス,サービス業,スタンダード
6078.T,バリューＨＲ,サービス業,プライム
6080.T,Ｍ＆Ａキャピタルパートナーズ,サービス業,プライム
6081.T,アライドアーキテクツ,サービス業,グロース
6082.T,ライドオンエクスプレスホールディングス,サービス業,スタンダード
6083.T,ＥＲＩホールディングス,サービス業,スタンダード
6085.T,アーキテクツ・スタジオ・ジャパン,サービス業,グロース
6086.T,シンメンテホールディングス,サービス業,グロース
6087.T,アビスト,サービス業,スタンダード
6088.T,シグマクシス・ホールディングス,サービス業,プライム
6089.T,ウィルグループ,サービス業,プライム
6090.T,ヒューマン・メタボローム・テクノロジーズ,サービス業,スタンダード
6091.T,ウエスコホールディングス,サービス業,スタンダード
6092.T,エンバイオ・ホールディングス,サービス業,スタンダード
6093.T,エスクロー・エージェント・ジャパン,サービス業,スタンダード
6094.T,フリークアウト・ホールディングス,サービス業,グロース
6096.T,レアジョブ,サービス業,スタンダード
6098.T,リクルートホールディングス,サービス業,プライム
6099.T,エラン,サービス業,プライム
6101.T,ツガミ,機械,プライム
6103.T,オークマ,機械,プライム
6104.T,芝浦機械,機械,プライム
6113.T,アマダ,機械,プライム
6118.T,アイダエンジニアリング,機械,プライム
6125.T,岡本工作機械製作所,機械,スタンダード
6134.T,ＦＵＪＩ,機械,プライム
6135.T,牧野フライス製作所,機械,プライム
6136.T,オーエスジー,機械,プライム
6137.T,小池酸素工業,機械,スタンダード
6138.T,ダイジェット工業,機械,スタンダード
6140.T,旭ダイヤモンド工業,機械,プライム
6141.T,ＤＭＧ森精機,機械,プライム
6143.T,ソディック,機械,プライム
6144.T,西部電機,機械,スタンダード
6145.T,ＮＩＴＴＯＫＵ,機械,スタンダード
6146.T,ディスコ,機械,プライム
6147.T,ヤマザキ,機械,スタンダード
6149.T,小田原エンジニアリング,機械,スタンダード
6150.T,タケダ機械,機械,スタンダード
6151.T,日東工器,機械,プライム
6155.T,高松機械工業,機械,スタンダード
6156.T,エーワン精密,機械,スタンダード
6157.T,日進工具,機械,スタンダード
6158.T,和井田製作所,機械,スタンダード
6159.T,ミクロン精密,機械,スタンダード
6161.T,エスティック,機械,スタンダード
6165.T,パンチ工業,機械,スタンダード
6166.T,中村超硬,機械,グロース
6167.T,冨士ダイス,機械,プライム
6171.T,土木管理総合試験所,サービス業,スタンダード
6173.T,アクアライン,サービス業,グロース
6176.T,ブランジスタ,サービス業,スタンダード
6177.T,ＡｐｐＢａｎｋ,サービス業,グロース
6178.T,日本郵政,サービス業,プライム
6180.T,ＧＭＯメディア,サービス業,グロース
6181.T,タメニー,サービス業,グロース
6182.T,メタリアル,サービス業,グロース
6183.T,ベルシステム２４ホールディングス,サービス業,プライム
6184.T,鎌倉新書,サービス業,プライム
6185.T,ＳＭＮ,サービス業,スタンダード
6186.T,一蔵,サービス業,スタンダード
6189.T,グローバルキッズＣＯＭＰＡＮＹ,サービス業,スタンダード
6190.T,フェニックスバイオ,サービス業,グロース
6191.T,エアトリ,サービス業,プライム
6193.T,バーチャレクス・ホールディングス,サービス業,グロース
6194.T,アトラエ,サービス業,プライム
6195.T,ホープ,サービス業,グロース
6196.T,ストライク,サービス業,プライム
6197.T,ソラスト,サービス業,プライム
6198.T,キャリア,サービス業,グロース
6199.T,セラク,サービス業,スタンダード
6200.T,インソース,サービス業,プライム
6201.T,豊田自動織機,輸送用機器,プライム
6203.T,豊和工業,機械,スタンダード
6208.T,石川製作所,機械,スタンダード
6209.T,リケンＮＰＲ,機械,プライム
6210.T,ＴＯＹＯイノベックス,機械,スタンダード
6217.T,津田駒工業,機械,スタンダード
6218.T,エンシュウ,機械,スタンダード
6222.T,島精機製作所,機械,プライム
6223.T,西部技研,機械,スタンダード
6224.T,ＪＲＣ,機械,グロース
6226.T,守谷輸送機工業,機械,スタンダード
6227.T,ＡＩメカテック,機械,スタンダード
6228.T,ジェイ・イー・ティ,機械,スタンダード
6229.T,オーケーエム,機械,スタンダード
6230.T,ＳＡＮＥＩ,機械,スタンダード
6231.T,木村工機,機械,スタンダード
6232.T,ＡＣＳＬ,機械,グロース
6233.T,ＫＬＡＳＳ,機械,スタンダード
6235.T,オプトラン,機械,プライム
6237.T,イワキポンプ,機械,プライム
6238.T,フリュー,機械,プライム
6239.T,ナガオカ,機械,スタンダード
6240.T,ヤマシンフィルタ,機械,プライム
6245.T,ヒラノテクシード,機械,スタンダード
6246.T,テクノスマート,機械,スタンダード
6247.T,日阪製作所,機械,プライム
6248.T,横田製作所,機械,スタンダード
6249.T,ゲームカードホールディングス,機械,スタンダード
6250.T,やまびこ,機械,プライム
6254.T,野村マイクロ・サイエンス,機械,プライム
6255.T,エヌ・ピー・シー,機械,グロース
6257.T,藤商事,機械,スタンダード
6258.T,平田機工,機械,プライム
6262.T,ＰＥＧＡＳＵＳ,機械,スタンダード
6264.T,マルマエ,機械,プライム
6265.T,コンバム,機械,スタンダード
6266.T,タツモ,機械,プライム
6267.T,ゼネラルパッカー,機械,スタンダード
6268.T,ナブテスコ,機械,プライム
6269.T,三井海洋開発,機械,プライム
6272.T,レオン自動機,機械,プライム
6273.T,ＳＭＣ,機械,プライム
6276.T,シリウスビジョン,電気機器,スタンダード
6277.T,ホソカワミクロン,機械,プライム
6278.T,ユニオンツール,機械,プライム
6279.T,瑞光,機械,プライム
6282.T,オイレス工業,機械,プライム
6284.T,日精エー・エス・ビー機械,機械,プライム
6286.T,靜甲,機械,スタンダード
6287.T,サトー,機械,プライム
6289.T,技研製作所,機械,プライム
6291.T,日本エアーテック,機械,スタンダード
6292.T,カワタ,機械,スタンダード
6293.T,日精樹脂工業,機械,プライム
6294.T,オカダアイヨン,機械,プライム
6298.T,ワイエイシイホールディングス,機械,プライム
6301.T,小松製作所,機械,プライム
6302.T,住友重機械工業,機械,プライム
6305.T,日立建機,機械,プライム
6306.T,日工,機械,プライム
6307.T,サンセイ,機械,スタンダード
6309.T,巴工業,機械,プライム
6310.T,井関農機,機械,プライム
6315.T,ＴＯＷＡ,機械,プライム
6316.T,丸山製作所,機械,スタンダード
6317.T,北川鉄工所,機械,スタンダード
6322.T,タクミナ,機械,スタンダード
6323.T,ローツェ,機械,プライム
6324.T,ハーモニック・ドライブ・システムズ,機械,スタンダード
6325.T,タカキタ,機械,スタンダード
6326.T,クボタ,機械,プライム
6327.T,北川精機,機械,スタンダード
6328.T,荏原実業,機械,プライム
6330.T,東洋エンジニアリング,建設業,プライム
6331.T,三菱化工機,機械,プライム
6332.T,月島ホールディングス,機械,プライム
6333.T,帝国電機製作所,機械,プライム
6334.T,明治機械,機械,スタンダード
6335.T,東京機械製作所,機械,スタンダード
6336.T,石井表記,機械,スタンダード
6337.T,テセック,機械,スタンダード
6338.T,タカトリ,機械,スタンダード
6339.T,新東工業,機械,プライム
6340.T,澁谷工業,機械,プライム
6342.T,太平製作所,機械,スタンダード
6343.T,フリージア・マクロス,機械,スタンダード
6345.T,アイチ　コーポレーション,機械,プライム
6346.T,キクカワエンタープライズ,機械,スタンダード
6347.T,プラコー,機械,スタンダード
6349.T,小森コーポレーション,機械,プライム
6351.T,鶴見製作所,機械,プライム
6356.T,日本ギア工業,機械,スタンダード
6357.T,三精テクノロジーズ,機械,スタンダード
6358.T,酒井重工業,機械,プライム
6360.T,東京自働機械製作所,機械,スタンダード
6361.T,荏原製作所,機械,プライム
6363.T,酉島製作所,機械,プライム
6364.T,ＡＩＲＭＡＮ,機械,プライム
6365.T,電業社機械製作所,機械,スタンダード
6366.T,千代田化工建設,建設業,スタンダード
6367.T,ダイキン工業,機械,プライム
6368.T,オルガノ,機械,プライム
6369.T,トーヨーカネツ,機械,プライム
6370.T,栗田工業,機械,プライム
6371.T,椿本チエイン,機械,プライム
6376.T,日機装,精密機器,プライム
6378.T,木村化工機,機械,スタンダード
6379.T,レイズネクスト,建設業,プライム
6380.T,オリエンタルチエン工業,機械,スタンダード
6381.T,アネスト岩田,機械,プライム
6382.T,トリニティ工業,機械,スタンダード
6383.T,ダイフク,機械,プライム
6384.T,昭和真空,機械,スタンダード
6387.T,サムコ,機械,プライム
6390.T,加藤製作所,機械,プライム
6391.T,加地テック,機械,スタンダード
6392.T,ヤマダコーポレーション,機械,スタンダード
6393.T,油研工業,機械,スタンダード
6395.T,タダノ,機械,プライム
6396.T,宇野澤組鐵工所,機械,スタンダード
6400.T,不二精機,機械,スタンダード
6402.T,兼松エンジニアリング,機械,スタンダード
6403.T,水道機工,機械,スタンダード
6405.T,鈴茂器工,機械,スタンダード
6406.T,フジテック,機械,プライム
6407.T,ＣＫＤ,機械,プライム
6408.T,小倉クラッチ,機械,スタンダード
6412.T,平和,機械,プライム
6413.T,理想科学工業,機械,プライム
6417.T,ＳＡＮＫＹＯ,機械,プライム
6418.T,日本金銭機械,機械,プライム
6419.T,マースグループホールディングス,機械,プライム
6420.T,ガリレイ,機械,プライム
6424.T,高見沢サイバネティックス,機械,スタンダード
6425.T,ユニバーサルエンターテインメント,機械,スタンダード
6428.T,オーイズミ,機械,スタンダード
6430.T,ダイコク電機,機械,プライム
6432.T,竹内製作所,機械,プライム
6433.T,ヒーハイスト,機械,スタンダード
6436.T,アマノ,機械,プライム
6440.T,ＪＵＫＩ,機械,プライム
6444.T,サンデン,機械,スタンダード
6445.T,ジャノメ,機械,プライム
6448.T,ブラザー工業,電気機器,プライム
6454.T,マックス,機械,プライム
6455.T,モリタホールディングス,輸送用機器,プライム
6457.T,グローリー,機械,プライム
6458.T,新晃工業,機械,プライム
6459.T,大和冷機工業,機械,プライム
6460.T,セガサミーホールディングス,機械,プライム
6463.T,ＴＰＲ,機械,プライム
6464.T,ツバキ・ナカシマ,機械,プライム
6465.T,ホシザキ,機械,プライム
6466.T,ＴＶＥ,機械,スタンダード
6467.T,ニチダイ,機械,スタンダード
6469.T,放電精密加工研究所,機械,スタンダード
6470.T,大豊工業,機械,スタンダード
6471.T,日本精工,機械,プライム
6472.T,ＮＴＮ,機械,プライム
6473.T,ジェイテクト,機械,プライム
6474.T,不二越,機械,プライム
6479.T,ミネベアミツミ,電気機器,プライム
6480.T,日本トムソン,機械,プライム
6481.T,ＴＨＫ,機械,プライム
6482.T,ＹＵＳＨＩＮ,機械,スタンダード
6484.T,ＫＶＫ,機械,スタンダード
6485.T,前澤給装工業,機械,スタンダード
6486.T,イーグル工業,機械,プライム
6488.T,ヨシタケ,機械,スタンダード
6489.T,前澤工業,機械,スタンダード
6490.T,ＰＩＬＬＡＲ,機械,プライム
6492.T,岡野バルブ製造,機械,スタンダード
6493.T,ＮＩＴＴＡＮ,輸送用機器,スタンダード
6494.T,ＮＦＫホールディングス,機械,スタンダード
6495.T,宮入バルブ製作所,機械,スタンダード
6496.T,中北製作所,機械,スタンダード
6497.T,ハマイ,機械,スタンダード
6498.T,キッツ,機械,プライム
6501.T,日立製作所,電気機器,プライム
6503.T,三菱電機,電気機器,プライム
6504.T,富士電機,電気機器,プライム
6505.T,東洋電機製造,電気機器,スタンダード
6506.T,安川電機,電気機器,プライム
6507.T,シンフォニアテクノロジー,電気機器,プライム
6508.T,明電舎,電気機器,プライム
6513.T,オリジン,電気機器,スタンダード
6516.T,山洋電気,電気機器,プライム
6517.T,デンヨー,電気機器,プライム
6518.T,三相電機,電気機器,スタンダード
6521.T,オキサイド,電気機器,グロース
6522.T,アスタリスク,電気機器,グロース
6523.T,ＰＨＣホールディングス,電気機器,プライム
6524.T,湖北工業,電気機器,スタンダード
6525.T,ＫＯＫＵＳＡＩ　ＥＬＥＣＴＲＩＣ,電気機器,プライム
6526.T,ソシオネクスト,電気機器,プライム
6532.T,ベイカレント,サービス業,プライム
6533.T,Ｏｒｃｈｅｓｔｒａ　Ｈｏｌｄｉｎｇｓ,サービス業,プライム
6535.T,アイモバイル,サービス業,プライム
6537.T,ＷＡＳＨハウス,サービス業,グロース
6538.T,ディスラプターズ,サービス業,スタンダード
6539.T,ＭＳ－Ｊａｐａｎ,サービス業,プライム
6540.T,船場,サービス業,スタンダード
6543.T,日宣,サービス業,スタンダード
6544.T,ジャパンエレベーターサービスホールディングス,サービス業,プライム
6545.T,インターネットインフィニティー,サービス業,グロース
6546.T,フルテック,サービス業,スタンダード
6547.T,グリーンズ,サービス業,スタンダード
6548.T,旅工房,サービス業,グロース
6549.T,ディーエムソリューションズ,サービス業,スタンダード
6551.T,ツナググループ・ホールディングス,サービス業,スタンダード
6552.T,ＧａｍｅＷｉｔｈ,サービス業,スタンダード
6554.T,エスユーエス,サービス業,グロース
6555.T,ＭＳ＆Ｃｏｎｓｕｌｔｉｎｇ,サービス業,スタンダード
6557.T,ＡＩＡＩグループ,サービス業,グロース
6558.T,クックビズ,サービス業,グロース
6560.T,エル・ティー・エス,サービス業,プライム
6561.T,ＨＡＮＡＴＯＵＲ　ＪＡＰＡＮ,サービス業,グロース
6562.T,ジーニー,サービス業,グロース
6563.T,みらいワークス,サービス業,グロース
6564.T,ミダックホールディングス,サービス業,プライム
6565.T,ＡＢホテル,サービス業,スタンダード
6566.T,要興業,サービス業,スタンダード
6568.T,神戸天然物化学,サービス業,グロース
6570.T,共和コーポレーション,サービス業,スタンダード
6571.T,キュービーネットホールディングス,サービス業,プライム
6572.T,オープングループ,サービス業,プライム
6573.T,ＣＲＡＶＩＡ,サービス業,グロース
6574.T,コンヴァノ,サービス業,グロース
6577.T,ベストワンドットコム,サービス業,グロース
6578.T,コレックホールディングス,サービス業,スタンダード
6579.T,ログリー,サービス業,グロース
6580.T,ライトアップ,サービス業,グロース
6584.T,三櫻工業,輸送用機器,プライム
6586.T,マキタ,機械,プライム
6588.T,東芝テック,電気機器,プライム
6590.T,芝浦メカトロニクス,電気機器,プライム
6592.T,マブチモーター,電気機器,プライム
6594.T,ニデック,電気機器,プライム
6597.T,ＨＰＣシステムズ,電気機器,グロース
6599.T,エブレン,電気機器,スタンダード
6612.T,バルミューダ,電気機器,グロース
6613.T,ＱＤレーザ,電気機器,グロース
6614.T,シキノハイテック,電気機器,スタンダード
6615.T,ユー・エム・シー・エレクトロニクス,電気機器,プライム
6616.T,トレックス・セミコンダクター,電気機器,プライム
6617.T,東光高岳,電気機器,プライム
6619.T,ダブル・スコープ,電気機器,プライム
6620.T,宮越ホールディングス,不動産業,プライム
6622.T,ダイヘン,電気機器,プライム
6625.T,ＪＡＬＣＯホールディングス,不動産業,スタンダード
6626.T,ＳＥＭＩＴＥＣ,電気機器,スタンダード
6627.T,テラプローブ,電気機器,スタンダード
6629.T,テクノホライゾン,電気機器,スタンダード
6630.T,ヤーマン,電気機器,プライム
6632.T,ＪＶＣケンウッド,電気機器,プライム
6633.T,ＣＧＳホールディングス,電気機器,スタンダード
6634.T,ネクスグループ,電気機器,スタンダード
6635.T,大日光・エンジニアリング,電気機器,スタンダード
6637.T,寺崎電気産業,電気機器,スタンダード
6638.T,ミマキエンジニアリング,電気機器,プライム
6643.T,戸上電機製作所,電気機器,スタンダード
6644.T,大崎電気工業,電気機器,プライム
6645.T,オムロン,電気機器,プライム
6647.T,森尾電機,電気機器,スタンダード
6648.T,かわでん,電気機器,スタンダード
6651.T,日東工業,電気機器,プライム
6652.T,ＩＤＥＣ,電気機器,プライム
6653.T,正興電機製作所,電気機器,プライム
6654.T,不二電機工業,電気機器,スタンダード
6656.T,インスペック,電気機器,スタンダード
6658.T,シライ電子工業,電気機器,スタンダード
6659.T,メディアリンクス,電気機器,スタンダード
6662.T,ユビテック,電気機器,スタンダード
6663.T,太洋テクノレックス,電気機器,スタンダード
6664.T,オプトエレクトロニクス,電気機器,スタンダード
6666.T,リバーエレテック,電気機器,スタンダード
6668.T,アドテック　プラズマ　テクノロジー,電気機器,スタンダード
6670.T,ＭＣＪ,電気機器,スタンダード
6674.T,ジーエス・ユアサ　コーポレーション,電気機器,プライム
6675.T,サクサ,電気機器,スタンダード
6676.T,ＢＵＦＦＡＬＯ,電気機器,スタンダード
6677.T,エスケーエレクトロニクス,電気機器,スタンダード
6678.T,テクノメディカ,電気機器,スタンダード
6694.T,ズーム,電気機器,スタンダード
6696.T,トラース・オン・プロダクト,電気機器,グロース
6699.T,ダイヤモンドエレクトリックホールディングス,電気機器,プライム
6701.T,日本電気,電気機器,プライム
6702.T,富士通,電気機器,プライム
6703.T,沖電気工業,電気機器,プライム
6706.T,電気興業,電気機器,プライム
6707.T,サンケン電気,電気機器,プライム
6718.T,アイホン,電気機器,プライム
6721.T,ウインテスト,電気機器,スタンダード
6723.T,ルネサスエレクトロニクス,電気機器,プライム
6724.T,セイコーエプソン,電気機器,プライム
6727.T,ワコム,電気機器,プライム
6728.T,アルバック,電気機器,プライム
6730.T,アクセル,電気機器,スタンダード
6731.T,ピクセラ,電気機器,スタンダード
6734.T,ニューテック,電気機器,スタンダード
6736.T,サン電子,電気機器,スタンダード
6737.T,ＥＩＺＯ,電気機器,プライム
6740.T,ジャパンディスプレイ,電気機器,プライム
6741.T,日本信号,電気機器,プライム
6742.T,京三製作所,電気機器,プライム
6743.T,大同信号,電気機器,スタンダード
6744.T,能美防災,電気機器,プライム
6745.T,ホーチキ,電気機器,プライム
6748.T,星和電機,電気機器,スタンダード
6750.T,エレコム,電気機器,プライム
6752.T,パナソニック　ホールディングス,電気機器,プライム
6753.T,シャープ,電気機器,プライム
6754.T,アンリツ,電気機器,プライム
6757.T,ＯＳＧコーポレーション,電気機器,スタンダード
6758.T,ソニーグループ,電気機器,プライム
6762.T,ＴＤＫ,電気機器,プライム
6763.T,帝国通信工業,電気機器,プライム
6768.T,タムラ製作所,電気機器,プライム
6769.T,ザインエレクトロニクス,電気機器,スタンダード
6770.T,アルプスアルパイン,電気機器,プライム
6771.T,池上通信機,電気機器,スタンダード
6772.T,東京コスモス電機,電気機器,スタンダード
6775.T,ＴＢグループ,電気機器,スタンダード
6776.T,天昇電気工業,化学,スタンダード
6777.T,ｓａｎｔｅｃ　Ｈｏｌｄｉｎｇｓ,電気機器,スタンダード
6778.T,アルチザネットワークス,電気機器,スタンダード
6779.T,日本電波工業,電気機器,プライム
6785.T,鈴木,電気機器,プライム
6786.T,ＲＶＨ,サービス業,スタンダード
6787.T,メイコー,電気機器,プライム
6788.T,日本トリム,電気機器,プライム
6794.T,フォスター電機,電気機器,プライム
6797.T,名古屋電機工業,電気機器,スタンダード
6798.T,ＳＭＫ,電気機器,プライム
6800.T,ヨコオ,電気機器,プライム
6803.T,ティアック,電気機器,スタンダード
6804.T,ホシデン,電気機器,プライム
6806.T,ヒロセ電機,電気機器,プライム
6807.T,日本航空電子工業,電気機器,プライム
6809.T,ＴＯＡ,電気機器,プライム
6810.T,マクセル,電気機器,プライム
6814.T,古野電気,電気機器,プライム
6817.T,スミダコーポレーション,電気機器,プライム
6819.T,伊豆シャボテンリゾート,サービス業,スタンダード
6820.T,アイコム,電気機器,プライム
6822.T,大井電気,電気機器,スタンダード
6823.T,リオン,電気機器,プライム
6824.T,新コスモス電機,電気機器,スタンダード
6832.T,アオイ電子,電気機器,スタンダード
6834.T,精工技研,電気機器,スタンダード
6835.T,アライドテレシスホールディングス,電気機器,スタンダード
6836.T,ぷらっとホーム,電気機器,スタンダード
6837.T,京写,電気機器,スタンダード
6838.T,多摩川ホールディングス,電気機器,スタンダード
6840.T,ＡＫＩＢＡホールディングス,電気機器,スタンダード
6841.T,横河電機,電気機器,プライム
6844.T,新電元工業,電気機器,プライム
6845.T,アズビル,電気機器,プライム
6848.T,東亜ディーケーケー,電気機器,スタンダード
6849.T,日本光電工業,電気機器,プライム
6850.T,チノー,電気機器,プライム
6853.T,共和電業,電気機器,スタンダード
6855.T,日本電子材料,電気機器,スタンダード
6856.T,堀場製作所,電気機器,プライム
6857.T,アドバンテスト,電気機器,プライム
6858.T,小野測器,電気機器,スタンダード
6859.T,エスペック,電気機器,プライム
6861.T,キーエンス,電気機器,プライム
6862.T,ミナトホールディングス,電気機器,スタンダード
6863.T,ニレコ,電気機器,スタンダード
6864.T,エヌエフホールディングス,電気機器,スタンダード
6866.T,日置電機,電気機器,プライム
6867.T,リーダー電子,電気機器,スタンダード
6869.T,シスメックス,電気機器,プライム
6870.T,日本フェンオール,電気機器,スタンダード
6871.T,日本マイクロニクス,電気機器,プライム
6874.T,協立電機,電気機器,スタンダード
6875.T,メガチップス,電気機器,プライム
6877.T,ＯＢＡＲＡ　ＧＲＯＵＰ,電気機器,スタンダード
6882.T,三社電機製作所,電気機器,スタンダード
6888.T,アクモス,情報・通信業,スタンダード
6890.T,フェローテック,電気機器,スタンダード
6894.T,パルステック工業,電気機器,スタンダード
6897.T,ツインバード,電気機器,スタンダード
6898.T,トミタ電機,電気機器,スタンダード
6899.T,ＡＳＴＩ,電気機器,スタンダード
6901.T,澤藤電機,電気機器,スタンダード
6902.T,デンソー,輸送用機器,プライム
6904.T,原田工業,電気機器,スタンダード
6905.T,コーセル,電気機器,プライム
6907.T,ジオマテック,電気機器,スタンダード
6908.T,イリソ電子工業,電気機器,プライム
6912.T,菊水ホールディングス,電気機器,スタンダード
6914.T,オプテックスグループ,電気機器,プライム
6915.T,千代田インテグレ,電気機器,スタンダード
6918.T,アバールデータ,電気機器,スタンダード
6919.T,ケル,電気機器,スタンダード
6920.T,レーザーテック,電気機器,プライム
6923.T,スタンレー電気,電気機器,プライム
6925.T,ウシオ電機,電気機器,プライム
6926.T,岡谷電機産業,電気機器,スタンダード
6927.T,ヘリオス　テクノ　ホールディング,電気機器,スタンダード
6928.T,エノモト,電気機器,スタンダード
6929.T,日本セラミック,電気機器,プライム
6932.T,遠藤照明,電気機器,スタンダード
6941.T,山一電機,電気機器,プライム
6942.T,ソフィアホールディングス,情報・通信業,スタンダード
6943.T,ＮＫＫスイッチズ,電気機器,スタンダード
6946.T,日本アビオニクス,電気機器,スタンダード
6947.T,図研,電気機器,プライム
6951.T,日本電子,電気機器,プライム
6952.T,カシオ計算機,電気機器,プライム
6954.T,ファナック,電気機器,プライム
6955.T,ＦＤＫ,電気機器,スタンダード
6958.T,日本シイエムケイ,電気機器,プライム
6960.T,フクダ電子,電気機器,スタンダード
6961.T,エンプラス,電気機器,プライム
6962.T,大真空,電気機器,プライム
6963.T,ローム,電気機器,プライム
6964.T,サンコー,電気機器,スタンダード
6965.T,浜松ホトニクス,電気機器,プライム
6966.T,三井ハイテック,電気機器,プライム
6969.T,松尾電機,電気機器,スタンダード
6971.T,京セラ,電気機器,プライム
6976.T,太陽誘電,電気機器,プライム
6977.T,日本抵抗器製作所,電気機器,スタンダード
6981.T,村田製作所,電気機器,プライム
6982.T,リード,輸送用機器,スタンダード
6986.T,双葉電子工業,電気機器,プライム
6988.T,日東電工,化学,プライム
6989.T,北陸電気工業,電気機器,スタンダード
6993.T,大黒屋ホールディングス,小売業,スタンダード
6994.T,指月電機製作所,電気機器,スタンダード
6995.T,東海理化電機製作所,輸送用機器,プライム
6996.T,ニチコン,電気機器,プライム
6997.T,日本ケミコン,電気機器,プライム
6998.T,日本タングステン,電気機器,スタンダード
6999.T,ＫＯＡ,電気機器,プライム
7003.T,三井Ｅ＆Ｓ,機械,プライム
7004.T,カナデビア,機械,プライム
7011.T,三菱重工業,機械,プライム
7012.T,川崎重工業,輸送用機器,プライム
7013.T,ＩＨＩ,機械,プライム
7014.T,名村造船所,輸送用機器,スタンダード
7018.T,内海造船,輸送用機器,スタンダード
7021.T,ニッチツ,機械,スタンダード
7022.T,サノヤスホールディングス,機械,スタンダード
7030.T,スプリックス,サービス業,スタンダード
7031.T,インバウンドテック,サービス業,グロース
7033.T,マネジメントソリューションズ,サービス業,プライム
7034.T,プロレド・パートナーズ,サービス業,プライム
7035.T,ａｎｄ　ｆａｃｔｏｒｙ,サービス業,スタンダード
7036.T,イーエムネットジャパン,サービス業,グロース
7037.T,テノ．ホールディングス,サービス業,スタンダード
7038.T,フロンティア・マネジメント,サービス業,プライム
7039.T,ブリッジインターナショナルグループ,サービス業,グロース
7040.T,サン・ライフホールディング,サービス業,スタンダード
7041.T,ＣＲＧホールディングス,サービス業,グロース
7042.T,アクセスグループ・ホールディングス,サービス業,スタンダード
7043.T,アルー,サービス業,グロース
7044.T,ピアラ,サービス業,スタンダード
7046.T,ＴＤＳＥ,サービス業,グロース
7047.T,ポート,サービス業,グロース
7048.T,ベルトラ,サービス業,グロース
7049.T,識学,サービス業,グロース
7050.T,フロンティアインターナショナル,サービス業,グロース
7057.T,エヌ・シー・エヌ,サービス業,スタンダード
7058.T,共栄セキュリティーサービス,サービス業,スタンダード
7059.T,コプロ・ホールディングス,サービス業,プライム
7060.T,ギークス,サービス業,スタンダード
7061.T,日本ホスピスホールディングス,サービス業,グロース
7062.T,フレアス,サービス業,グロース
7063.T,Ｂｉｒｄｍａｎ,サービス業,グロース
7064.T,ハウテレビジョン,サービス業,グロース
7065.T,ユーピーアール,サービス業,スタンダード
7066.T,ピアズ,サービス業,グロース
7067.T,ブランディングテクノロジー,サービス業,グロース
7068.T,フィードフォースグループ,サービス業,グロース
7069.T,サイバー・バズ,サービス業,グロース
7071.T,アンビスホールディングス,サービス業,プライム
7072.T,インティメート・マージャー,サービス業,グロース
7073.T,ジェイック,サービス業,グロース
7074.T,トゥエンティーフォーセブンホールディングス,サービス業,グロース
7075.T,ＱＬＳホールディングス,サービス業,グロース
7077.T,ＡＬｉＮＫインターネット,サービス業,グロース
7078.T,ＩＮＣＬＵＳＩＶＥ　Ｈｏｌｄｉｎｇｓ,サービス業,グロース
7079.T,ＷＤＢココ,サービス業,グロース
7080.T,スポーツフィールド,サービス業,グロース
7081.T,コーユーレンティア,サービス業,スタンダード
7082.T,ジモティー,サービス業,グロース
7083.T,ＡＨＣグループ,サービス業,グロース
7084.T,Ｓｍｉｌｅ　Ｈｏｌｄｉｎｇｓ,サービス業,グロース
7085.T,カーブスホールディングス,サービス業,プライム
7087.T,ウイルテック,サービス業,スタンダード
7088.T,フォーラムエンジニアリング,サービス業,プライム
7089.T,フォースタートアップス,サービス業,グロース
7090.T,リグア,サービス業,グロース
7091.T,リビングプラットフォーム,サービス業,グロース
7092.T,Ｆａｓｔ　Ｆｉｔｎｅｓｓ　Ｊａｐａｎ,サービス業,プライム
7093.T,アディッシュ,サービス業,グロース
7094.T,ＮｅｘＴｏｎｅ,サービス業,グロース
7095.T,Ｍａｃｂｅｅ　Ｐｌａｎｅｔ,サービス業,プライム
7096.T,ステムセル研究所,サービス業,グロース
7097.T,さくらさくプラス,サービス業,グロース
7102.T,日本車輌製造,輸送用機器,プライム
7105.T,三菱ロジスネクスト,輸送用機器,スタンダード
7110.T,クラシコム,小売業,グロース
7111.T,ＩＮＥＳＴ,卸売業,スタンダード
7112.T,キューブ,小売業,グロース
7114.T,フーディソン,卸売業,グロース
7115.T,アルファパーチェス,卸売業,スタンダード
7116.T,ダイワ通信,卸売業,スタンダード
7119.T,ハルメクホールディングス,小売業,グロース
7120.T,ＳＨＩＮＫＯ,卸売業,スタンダード
7122.T,近畿車輛,輸送用機器,スタンダード
7126.T,グローバルスタイル,小売業,スタンダード
7127.T,一家ホールディングス,小売業,スタンダード
7128.T,ユニソルホールディングス,卸売業,プライム
7129.T,ミアヘルサホールディングス,小売業,スタンダード
7130.T,ヤマエグループホールディングス,卸売業,プライム
7131.T,のむら産業,卸売業,スタンダード
7133.T,ＨＹＵＧＡ　ＰＲＩＭＡＲＹ　ＣＡＲＥ,小売業,グロース
7134.T,アップガレージグループ,小売業,スタンダード
7135.T,ジャパンクラフトホールディングス,小売業,スタンダード
7138.T,ＴＯＲＩＣＯ,小売業,グロース
7140.T,ペットゴー,小売業,グロース
7148.T,ＦＰＧ,証券、商品先物取引業,プライム
7150.T,島根銀行,銀行業,スタンダード
7157.T,ライフネット生命保険,保険業,プライム
7161.T,じもとホールディングス,銀行業,スタンダード
7162.T,アストマックス,電気・ガス業,スタンダード
7164.T,全国保証,その他金融業,プライム
7167.T,めぶきフィナンシャルグループ,銀行業,プライム
7172.T,ジャパンインベストメントアドバイザー,証券、商品先物取引業,プライム
7173.T,東京きらぼしフィナンシャルグループ,銀行業,プライム
7175.T,今村証券,証券、商品先物取引業,スタンダード
7177.T,ＧＭＯフィナンシャルホールディングス,証券、商品先物取引業,スタンダード
7180.T,九州フィナンシャルグループ,銀行業,プライム
7181.T,かんぽ生命保険,保険業,プライム
7182.T,ゆうちょ銀行,銀行業,プライム
7183.T,あんしん保証,その他金融業,スタンダード
7184.T,富山第一銀行,銀行業,プライム
7185.T,ヒロセ通商,証券、商品先物取引業,スタンダード
7186.T,横浜フィナンシャルグループ,銀行業,プライム
7187.T,ジェイリース,その他金融業,プライム
7189.T,西日本フィナンシャルホールディングス,銀行業,プライム
7191.T,イントラスト,その他金融業,スタンダード
7192.T,日本モーゲージサービス,その他金融業,スタンダード
7196.T,Ｃａｓａ,その他金融業,スタンダード
7198.T,ＳＢＩアルヒ,その他金融業,プライム
7199.T,プレミアグループ,その他金融業,プライム
7201.T,日産自動車,輸送用機器,プライム
7202.T,いすゞ自動車,輸送用機器,プライム
7203.T,トヨタ自動車,輸送用機器,プライム
7205.T,日野自動車,輸送用機器,プライム
7208.T,カネミツ,輸送用機器,スタンダード
7211.T,三菱自動車工業,輸送用機器,プライム
7212.T,エフテック,輸送用機器,スタンダード
7213.T,レシップホールディングス,輸送用機器,スタンダード
7214.T,ＧＭＢ,輸送用機器,スタンダード
7215.T,ファルテック,輸送用機器,スタンダード
7217.T,テイン,輸送用機器,スタンダード
7218.T,田中精密工業,輸送用機器,スタンダード
7219.T,エッチ・ケー・エス,輸送用機器,スタンダード
7220.T,武蔵精密工業,輸送用機器,プライム
7222.T,日産車体,輸送用機器,スタンダード
7224.T,新明和工業,輸送用機器,プライム
7226.T,極東開発工業,輸送用機器,プライム
7228.T,デイトナ,輸送用機器,スタンダード
7229.T,ユタカ技研,輸送用機器,スタンダード
7231.T,トピー工業,輸送用機器,プライム
7235.T,東京ラヂエーター製造,輸送用機器,スタンダード
7236.T,ティラド,輸送用機器,プライム
7238.T,曙ブレーキ工業,輸送用機器,プライム
7239.T,タチエス,輸送用機器,プライム
7240.T,ＮＯＫ,輸送用機器,プライム
7241.T,フタバ産業,輸送用機器,プライム
7242.T,カヤバ,輸送用機器,プライム
7244.T,市光工業,電気機器,プライム
7245.T,大同メタル工業,輸送用機器,プライム
7246.T,プレス工業,輸送用機器,プライム
7247.T,ミクニ,輸送用機器,スタンダード
7250.T,太平洋工業,輸送用機器,プライム
7254.T,ユニバンス,輸送用機器,スタンダード
7255.T,桜井製作所,輸送用機器,スタンダード
7256.T,河西工業,輸送用機器,スタンダード
7259.T,アイシン,輸送用機器,プライム
7261.T,マツダ,輸送用機器,プライム
7264.T,ムロコーポレーション,輸送用機器,スタンダード
7265.T,エイケン工業,輸送用機器,スタンダード
7266.T,今仙電機製作所,輸送用機器,スタンダード
7267.T,本田技研工業,輸送用機器,プライム
7269.T,スズキ,輸送用機器,プライム
7270.T,ＳＵＢＡＲＵ,輸送用機器,プライム
7271.T,安永,輸送用機器,スタンダード
7272.T,ヤマハ発動機,輸送用機器,プライム
7273.T,イクヨ,輸送用機器,スタンダード
7276.T,小糸製作所,電気機器,プライム
7277.T,ＴＢＫ,輸送用機器,スタンダード
7278.T,エクセディ,輸送用機器,プライム
7279.T,ハイレックスコーポレーション,輸送用機器,スタンダード
7280.T,ミツバ,電気機器,プライム
7282.T,豊田合成,輸送用機器,プライム
7283.T,愛三工業,輸送用機器,プライム
7284.T,盟和産業,輸送用機器,スタンダード
7287.T,日本精機,輸送用機器,スタンダード
7291.T,日本プラスト,輸送用機器,スタンダード
7292.T,村上開明堂,輸送用機器,スタンダード
7294.T,ヨロズ,輸送用機器,プライム
7296.T,エフ・シー・シー,輸送用機器,プライム
7297.T,カーメイト,輸送用機器,スタンダード
7299.T,フジオーゼックス,輸送用機器,スタンダード
7305.T,新家工業,鉄鋼,スタンダード
7309.T,シマノ,輸送用機器,プライム
7313.T,テイ・エス　テック,輸送用機器,プライム
7314.T,小田原機器,輸送用機器,スタンダード
7317.T,松屋アールアンドディ,輸送用機器,グロース
7318.T,セレンディップ・ホールディングス,輸送用機器,グロース
7320.T,Ｓｏｌｖｖｙ,その他金融業,グロース
7322.T,三十三フィナンシャルグループ,銀行業,プライム
7325.T,アイリックコーポレーション,保険業,グロース
7326.T,ＳＢＩインシュアランスグループ,保険業,グロース
7327.T,第四北越フィナンシャルグループ,銀行業,プライム
7337.T,ひろぎんホールディングス,銀行業,プライム
7343.T,ブロードマインド,保険業,グロース
7345.T,アイ・パートナーズフィナンシャル,その他金融業,グロース
7347.T,マーキュリアホールディングス,証券、商品先物取引業,プライム
7350.T,おきなわフィナンシャルグループ,銀行業,プライム
7351.T,グッドパッチ,サービス業,グロース
7352.T,ＴＷＯＳＴＯＮＥ＆Ｓｏｎｓ,サービス業,グロース
7353.T,ＫＩＹＯラーニング,サービス業,グロース
7354.T,ダイレクトマーケティングミックス,サービス業,スタンダード
7356.T,Ｒｅｔｔｙ,サービス業,グロース
7357.T,ジオコード,サービス業,スタンダード
7358.T,ポピンズ,サービス業,スタンダード
7359.T,東京通信グループ,サービス業,グロース
7360.T,オンデック,サービス業,グロース
7361.T,ヒューマンクリエイションホールディングス,サービス業,グロース
7362.T,Ｔ．Ｓ．Ｉ,サービス業,グロース
7363.T,ベビーカレンダー,サービス業,グロース
7366.T,ＬＩＴＡＬＩＣＯ,サービス業,プライム
7367.T,セルム,サービス業,スタンダード
7368.T,表示灯,サービス業,スタンダード
7369.T,メイホーホールディングス,サービス業,グロース
7370.T,Ｅｎｊｉｎ,サービス業,グロース
7371.T,Ｚｅｎｋｅｎ,サービス業,グロース
7372.T,デコルテ・ホールディングス,サービス業,グロース
7373.T,アイドマ・ホールディングス,サービス業,グロース
7374.T,コンフィデンス・インターワークス,サービス業,グロース
7375.T,リファインバースグループ,サービス業,グロース
7376.T,ＢＣＣ,サービス業,グロース
7377.T,ＤＮホールディングス,サービス業,スタンダード
7378.T,アシロ,サービス業,グロース
7380.T,十六フィナンシャルグループ,銀行業,プライム
7381.T,ＣＣＩグループ,銀行業,プライム
7383.T,ネットプロテクションズホールディングス,その他金融業,プライム
7384.T,プロクレアホールディングス,銀行業,プライム
7388.T,ＦＰパートナー,保険業,プライム
7389.T,あいちフィナンシャルグループ,銀行業,プライム
7399.T,ナンシン,輸送用機器,スタンダード
7409.T,ＡｅｒｏＥｄｇｅ,輸送用機器,グロース
7412.T,アトム,小売業,スタンダード
7413.T,創健社,卸売業,スタンダード
7414.T,小野建,卸売業,プライム
7416.T,はるやまホールディングス,小売業,スタンダード
7417.T,南陽,卸売業,スタンダード
7419.T,ノジマ,小売業,プライム
7420.T,佐鳥電機,卸売業,プライム
7421.T,カッパ・クリエイト,小売業,プライム
7422.T,東邦レマック,卸売業,スタンダード
7425.T,初穂商事,卸売業,スタンダード
7426.T,山大,卸売業,スタンダード
7427.T,エコートレーディング,卸売業,スタンダード
7433.T,伯東,卸売業,プライム
7434.T,オータケ,卸売業,スタンダード
7435.T,ナ・デックス,卸売業,スタンダード
7438.T,コンドーテック,卸売業,プライム
7442.T,中山福,卸売業,スタンダード
7443.T,横浜魚類,卸売業,スタンダード
7444.T,ハリマ共和物産,卸売業,スタンダード
7445.T,ライトオン,小売業,スタンダード
7446.T,東北化学薬品,卸売業,スタンダード
7447.T,ナガイレーベン,卸売業,プライム
7450.T,サンデー,小売業,スタンダード
7453.T,良品計画,小売業,プライム
7455.T,パリミキホールディングス,小売業,スタンダード
7456.T,松田産業,卸売業,プライム
7458.T,第一興商,卸売業,プライム
7459.T,メディパルホールディングス,卸売業,プライム
7460.T,ヤギ,卸売業,スタンダード
7461.T,キムラ,卸売業,スタンダード
7462.T,ＣＡＰＩＴＡ,小売業,スタンダード
7463.T,アドヴァングループ,小売業,スタンダード
7464.T,セフテック,卸売業,スタンダード
7466.T,ＳＰＫ,卸売業,プライム
7467.T,萩原電気ホールディングス,卸売業,プライム
7472.T,鳥羽洋行,卸売業,スタンダード
7475.T,アルビス,小売業,プライム
7476.T,アズワン,卸売業,プライム
7477.T,ムラキ,卸売業,スタンダード
7480.T,スズデン,卸売業,スタンダード
7481.T,尾家産業,卸売業,スタンダード
7482.T,シモジマ,卸売業,プライム
7483.T,ドウシシャ,卸売業,プライム
7486.T,サンリン,卸売業,スタンダード
7487.T,小津産業,卸売業,スタンダード
7490.T,日新商事,卸売業,スタンダード
7494.T,コナカ,小売業,スタンダード
7500.T,西川計測,卸売業,スタンダード
7501.T,ティムコ,卸売業,スタンダード
7502.T,プラザホールディングス,サービス業,スタンダード
7504.T,高速,卸売業,プライム
7505.T,扶桑電通,卸売業,スタンダード
7506.T,ハウス　オブ　ローゼ,小売業,スタンダード
7508.T,Ｇ‐７ホールディングス,小売業,プライム
7509.T,アイエーグループ,小売業,スタンダード
7510.T,たけびし,卸売業,プライム
7512.T,イオン北海道,小売業,スタンダード
7513.T,コジマ,小売業,プライム
7514.T,ヒマラヤ,小売業,スタンダード
7515.T,マルヨシセンター,小売業,スタンダード
7516.T,コーナン商事,小売業,プライム
7520.T,エコス,小売業,プライム
7521.T,ムサシ,卸売業,スタンダード
7522.T,ワタミ,小売業,プライム
7523.T,アールビバン,小売業,スタンダード
7524.T,マルシェ,小売業,スタンダード
7525.T,リックス,卸売業,プライム
7527.T,システムソフト,情報・通信業,スタンダード
7531.T,清和中央ホールディングス,卸売業,スタンダード
7532.T,パン・パシフィック・インターナショナルホールディングス,小売業,プライム
7537.T,丸文,卸売業,プライム
7538.T,大水,卸売業,スタンダード
7539.T,アイナボホールディングス,卸売業,スタンダード
7544.T,スリーエフ,小売業,スタンダード
7545.T,西松屋チェーン,小売業,プライム
7550.T,ゼンショーホールディングス,小売業,プライム
75505.T,ゼンショーホールディングス第１回社債型種類株式,小売業,プライム
7551.T,ウェッズ,輸送用機器,スタンダード
7552.T,ハピネット,卸売業,プライム
7554.T,幸楽苑,小売業,プライム
7555.T,大田花き,卸売業,スタンダード
7561.T,ハークスレイ,小売業,スタンダード
7562.T,安楽亭,小売業,スタンダード
7564.T,ワークマン,小売業,スタンダード
7565.T,萬世電機,卸売業,スタンダード
7567.T,栄電子,卸売業,スタンダード
7570.T,橋本総業ホールディングス,卸売業,スタンダード
7571.T,ヤマノホールディングス,小売業,スタンダード
7575.T,日本ライフライン,卸売業,プライム
7578.T,ニチリョク,小売業,スタンダード
7581.T,サイゼリヤ,小売業,プライム
7585.T,かんなん丸,小売業,スタンダード
7590.T,タカショー,卸売業,スタンダード
7593.T,ＶＴホールディングス,小売業,プライム
7595.T,アルゴグラフィックス,情報・通信業,プライム
7596.T,魚力,小売業,プライム
7599.T,ＩＤＯＭ,卸売業,プライム
7600.T,日本エム・ディ・エム,精密機器,プライム
7601.T,ポプラ,小売業,スタンダード
7602.T,レダックス,卸売業,スタンダード
7603.T,ジーイエット,小売業,スタンダード
7604.T,梅の花グループ,小売業,スタンダード
7606.T,ユナイテッドアローズ,小売業,プライム
7607.T,進和,卸売業,プライム
7608.T,エスケイジャパン,卸売業,スタンダード
7609.T,ダイトロン,卸売業,プライム
7610.T,テイツー,小売業,スタンダード
7611.T,ハイデイ日高,小売業,プライム
7613.T,シークス,卸売業,プライム
7614.T,オーエムツーネットワーク,小売業,スタンダード
7615.T,京都きもの友禅ホールディングス,小売業,スタンダード
7616.T,コロワイド,小売業,プライム
7619.T,田中商事,卸売業,スタンダード
7621.T,うかい,小売業,スタンダード
7624.T,ＮａＩＴＯ,卸売業,スタンダード
7625.T,グローバルダイニング,小売業,スタンダード
7628.T,オーハシテクニカ,卸売業,プライム
7630.T,壱番屋,小売業,プライム
7634.T,星医療酸器,卸売業,スタンダード
7635.T,杉田エース,卸売業,スタンダード
7636.T,ハンズマン,小売業,スタンダード
7637.T,白銅,卸売業,プライム
7638.T,ＮＥＷ　ＡＲＴ　ＨＯＬＤＩＮＧＳ,小売業,スタンダード
7640.T,トップカルチャー,小売業,スタンダード
7643.T,ダイイチ,小売業,スタンダード
7646.T,ＰＬＡＮＴ,小売業,スタンダード
7649.T,スギホールディングス,小売業,プライム
7670.T,オーウエル,卸売業,スタンダード
7673.T,ダイコー通産,卸売業,スタンダード
7674.T,ＮＡＴＴＹ　ＳＷＡＮＫＹホールディングス,小売業,グロース
7677.T,ヤシマキザイ,卸売業,スタンダード
7678.T,あさくま,小売業,スタンダード
7679.T,薬王堂ホールディングス,小売業,プライム
7681.T,レオクラン,卸売業,スタンダード
7682.T,浜木綿,小売業,スタンダード
7683.T,ダブルエー,小売業,プライム
7685.T,ＢｕｙＳｅｌｌ　Ｔｅｃｈｎｏｌｏｇｉｅｓ,卸売業,グロース
7686.T,ひとまいる,小売業,スタンダード
7687.T,ミクリード,卸売業,グロース
7689.T,コパ・コーポレーション,卸売業,グロース
7692.T,アースインフィニティ,電気・ガス業,スタンダード
7694.T,いつも,小売業,グロース
7695.T,交換できるくん,小売業,グロース
7698.T,アイスコ,卸売業,スタンダード
7701.T,島津製作所,精密機器,プライム
7702.T,ＪＭＳ,精密機器,スタンダード
7707.T,プレシジョン・システム・サイエンス,精密機器,グロース
7709.T,クボテック,精密機器,スタンダード
7711.T,助川電気工業,精密機器,スタンダード
7713.T,シグマ光機,精密機器,スタンダード
7715.T,長野計器,精密機器,プライム
7716.T,ナカニシ,精密機器,スタンダード
7717.T,ブイ・テクノロジー,精密機器,プライム
7718.T,スター精密,機械,プライム
7719.T,東京衡機,精密機器,スタンダード
7721.T,東京計器,精密機器,プライム
7722.T,国際計測器,精密機器,スタンダード
7723.T,愛知時計電機,精密機器,プライム
7725.T,インターアクション,精密機器,プライム
7726.T,黒田精工,機械,スタンダード
7727.T,オーバル,精密機器,スタンダード
7729.T,東京精密,精密機器,プライム
7730.T,マニー,精密機器,プライム
7731.T,ニコン,精密機器,プライム
7733.T,オリンパス,精密機器,プライム
7734.T,理研計器,精密機器,プライム
7735.T,ＳＣＲＥＥＮホールディングス,電気機器,プライム
7739.T,キヤノン電子,電気機器,プライム
7740.T,タムロン,精密機器,プライム
7741.T,ＨＯＹＡ,精密機器,プライム
7743.T,シード,精密機器,プライム
7744.T,ノーリツ鋼機,精密機器,プライム
7745.T,Ａ＆Ｄホロンホールディングス,精密機器,プライム
7746.T,岡本硝子,精密機器,スタンダード
7747.T,朝日インテック,精密機器,プライム
7749.T,メディキット,精密機器,スタンダード
7751.T,キヤノン,電気機器,プライム
7752.T,リコー,電気機器,プライム
7760.T,ＩＭＶ,精密機器,スタンダード
7762.T,シチズン時計,精密機器,プライム
7769.T,リズム,精密機器,プライム
7771.T,日本精密,精密機器,スタンダード
7774.T,ジャパン・ティッシュエンジニアリング,精密機器,グロース
7775.T,大研医器,精密機器,スタンダード
7776.T,セルシード,精密機器,グロース
7777.T,スリー・ディー・マトリックス,精密機器,グロース
7779.T,ＣＹＢＥＲＤＹＮＥ,精密機器,グロース
7780.T,メニコン,精密機器,プライム
7781.T,平山ホールディングス,精密機器,スタンダード
7782.T,シンシア,精密機器,スタンダード
7791.T,ドリームベッド,その他製品,スタンダード
7792.T,コラントッテ,その他製品,グロース
7793.T,イメージ・マジック,その他製品,グロース
7794.T,イーディーピー,その他製品,グロース
7795.T,ＫＹＯＲＩＴＳＵ,その他製品,スタンダード
7800.T,アミファ,その他製品,スタンダード
7803.T,ブシロード,その他製品,グロース
7804.T,ビーアンドピー,その他製品,スタンダード
7805.T,プリントネット,その他製品,スタンダード
7806.T,ＭＴＧ,その他製品,グロース
7807.T,幸和製作所,その他製品,スタンダード
7808.T,シー・エス・ランバー,その他製品,スタンダード
7809.T,壽屋,その他製品,スタンダード
7810.T,クロスフォー,その他製品,スタンダード
7811.T,中本パックス,その他製品,スタンダード
7812.T,クレステック,その他製品,スタンダード
7813.T,プラッツ,その他製品,スタンダード
7814.T,日本創発グループ,その他製品,スタンダード
7815.T,東京ボード工業,その他製品,スタンダード
7817.T,パラマウントベッドホールディングス,その他製品,プライム
7818.T,トランザクション,その他製品,プライム
7819.T,粧美堂,その他製品,スタンダード
7820.T,ニホンフラッシュ,その他製品,プライム
7821.T,前田工繊,その他製品,プライム
7822.T,永大産業,その他製品,スタンダード
7823.T,アートネイチャー,その他製品,スタンダード
7826.T,フルヤ金属,その他製品,プライム
7827.T,オービス,その他製品,スタンダード
7831.T,ウイルコホールディングス,その他製品,スタンダード
7832.T,バンダイナムコホールディングス,その他製品,プライム
7833.T,アイフィスジャパン,その他製品,スタンダード
7836.T,アビックス,その他製品,スタンダード
7837.T,アールシーコア,その他製品,スタンダード
7839.T,ＳＨＯＥＩ,その他製品,プライム
7840.T,フランスベッドホールディングス,その他製品,プライム
7841.T,遠藤製作所,その他製品,スタンダード
7844.T,マーベラス,情報・通信業,プライム
7846.T,パイロットコーポレーション,その他製品,プライム
7847.T,グラファイトデザイン,その他製品,スタンダード
7849.T,スターツ出版,情報・通信業,スタンダード
7850.T,総合商研,その他製品,スタンダード
7851.T,カワセコンピュータサプライ,その他製品,スタンダード
7856.T,萩原工業,その他製品,プライム
7857.T,セキ,その他製品,スタンダード
7859.T,アルメディオ,その他製品,スタンダード
7860.T,エイベックス,情報・通信業,プライム
7863.T,平賀,その他製品,スタンダード
7864.T,フジシールインターナショナル,その他製品,プライム
7865.T,ピープル,その他製品,スタンダード
7867.T,タカラトミー,その他製品,プライム
7868.T,広済堂ホールディングス,その他製品,プライム
7871.T,フクビ化学工業,化学,スタンダード
7872.T,エステールホールディングス,その他製品,スタンダード
7874.T,レック,化学,プライム
7875.T,竹田ｉＰホールディングス,その他製品,スタンダード
7877.T,永大化工,化学,スタンダード
7878.T,光・彩,その他製品,スタンダード
7879.T,ノダ,その他製品,スタンダード
7883.T,サンメッセ,その他製品,スタンダード
7885.T,タカノ,その他製品,スタンダード
7886.T,ヤマト　モビリティ　＆　Ｍｆｇ．,化学,スタンダード
7887.T,南海プライウッド,その他製品,スタンダード
7888.T,三光合成,化学,プライム
7893.T,プロネクサス,その他製品,プライム
7896.T,セブン工業,その他製品,スタンダード
7897.T,ホクシン,その他製品,スタンダード
7898.T,ウッドワン,その他製品,スタンダード
7901.T,マツモト,その他製品,スタンダード
7902.T,ソノコム,その他製品,スタンダード
7906.T,ヨネックス,その他製品,スタンダード
7908.T,きもと,化学,スタンダード
7911.T,ＴＯＰＰＡＮホールディングス,その他製品,プライム
7912.T,大日本印刷,その他製品,プライム
7914.T,共同印刷,その他製品,プライム
7915.T,ＮＩＳＳＨＡ,その他製品,プライム
7916.T,光村印刷,その他製品,スタンダード
7917.T,ＺＡＣＲＯＳ,化学,プライム
7918.T,ヴィア・ホールディングス,小売業,スタンダード
7919.T,野崎印刷紙業,その他製品,スタンダード
7921.T,ＴＡＫＡＲＡ　＆　ＣＯＭＰＡＮＹ,その他製品,プライム
7922.T,三光産業,その他製品,スタンダード
7923.T,トーイン,その他製品,スタンダード
7925.T,前澤化成工業,化学,プライム
7927.T,ムトー精工,化学,スタンダード
7928.T,旭化学工業,化学,スタンダード
7931.T,未来工業,化学,プライム
7932.T,ニッピ,その他製品,スタンダード
7936.T,アシックス,その他製品,プライム
7937.T,ツツミ,その他製品,スタンダード
7938.T,リーガルコーポレーション,その他製品,スタンダード
7939.T,研創,その他製品,スタンダード
7940.T,ウェーブロックホールディングス,化学,スタンダード
7942.T,ＪＳＰ,化学,プライム
7943.T,ニチハ,ガラス・土石製品,プライム
7944.T,ローランド,その他製品,プライム
7946.T,光陽社,その他製品,スタンダード
7947.T,エフピコ,化学,プライム
7949.T,小松ウオール工業,その他製品,プライム
7951.T,ヤマハ,その他製品,プライム
7952.T,河合楽器製作所,その他製品,プライム
7953.T,菊水化学工業,その他製品,スタンダード
7955.T,クリナップ,その他製品,プライム
7956.T,ピジョン,その他製品,プライム
7957.T,フジコピアン,その他製品,スタンダード
7962.T,キングジム,その他製品,プライム
7963.T,興研,その他製品,スタンダード
7965.T,象印マホービン,電気機器,プライム
7966.T,リンテック,その他製品,プライム
7970.T,信越ポリマー,化学,プライム
7971.T,東リ,化学,スタンダード
7972.T,イトーキ,その他製品,プライム
7974.T,任天堂,その他製品,プライム
7975.T,リヒトラブ,その他製品,スタンダード
7976.T,三菱鉛筆,その他製品,プライム
7979.T,松風,精密機器,プライム
7980.T,重松製作所,その他製品,スタンダード
7981.T,タカラスタンダード,その他製品,プライム
7983.T,ミロク,その他製品,スタンダード
7984.T,コクヨ,その他製品,プライム
7985.T,ネポン,金属製品,スタンダード
7986.T,日本アイ・エス・ケイ,その他製品,スタンダード
7987.T,ナカバヤシ,その他製品,スタンダード
7988.T,ニフコ,化学,プライム
7989.T,立川ブラインド工業,金属製品,プライム
7990.T,グローブライド,その他製品,プライム
7991.T,マミヤ・オーピー,機械,スタンダード
7992.T,セーラー万年筆,その他製品,スタンダード
7994.T,オカムラ,その他製品,プライム
7995.T,バルカー,化学,プライム
7997.T,くろがね工作所,その他製品,スタンダード
7999.T,ＭＵＴＯＨホールディングス,電気機器,スタンダード
8001.T,伊藤忠商事,卸売業,プライム
8002.T,丸紅,卸売業,プライム
8005.T,スクロール,小売業,プライム
8006.T,ユアサ・フナショク,卸売業,スタンダード
8007.T,高島,卸売業,プライム
8008.T,ヨンドシーホールディングス,小売業,プライム
8011.T,三陽商会,繊維製品,プライム
8012.T,長瀬産業,卸売業,プライム
8013.T,ナイガイ,繊維製品,スタンダード
8014.T,蝶理,卸売業,プライム
8015.T,豊田通商,卸売業,プライム
8016.T,オンワードホールディングス,繊維製品,プライム
8018.T,三共生興,卸売業,スタンダード
8020.T,兼松,卸売業,プライム
8022.T,美津濃,その他製品,プライム
8023.T,ＤＡＩＫＯ　ＸＴＥＣＨ,情報・通信業,スタンダード
8025.T,ツカモトコーポレーション,卸売業,スタンダード
8029.T,ルックホールディングス,繊維製品,スタンダード
8030.T,中央魚類,卸売業,スタンダード
8031.T,三井物産,卸売業,プライム
8032.T,日本紙パルプ商事,卸売業,プライム
8035.T,東京エレクトロン,電気機器,プライム
8037.T,カメイ,卸売業,プライム
8039.T,築地魚市場,卸売業,スタンダード
8040.T,東京ソワール,繊維製品,スタンダード
8041.T,ＯＵＧホールディングス,卸売業,スタンダード
8043.T,スターゼン,卸売業,プライム
8045.T,横浜丸魚,卸売業,スタンダード
8046.T,丸藤シートパイル,卸売業,スタンダード
8050.T,セイコーグループ,精密機器,プライム
8051.T,山善,卸売業,プライム
8052.T,椿本興業,卸売業,プライム
8053.T,住友商事,卸売業,プライム
8056.T,ＢＩＰＲＯＧＹ,情報・通信業,プライム
8057.T,内田洋行,卸売業,プライム
8058.T,三菱商事,卸売業,プライム
8059.T,第一実業,卸売業,プライム
8060.T,キヤノンマーケティングジャパン,卸売業,プライム
8061.T,西華産業,卸売業,プライム
8065.T,佐藤商事,卸売業,プライム
8066.T,三谷商事,卸売業,スタンダード
8070.T,東京産業,卸売業,プライム
8074.T,ユアサ商事,卸売業,プライム
8075.T,神鋼商事,卸売業,プライム
8076.T,カノークス,卸売業,スタンダード
8077.T,トルク,卸売業,スタンダード
8078.T,阪和興業,卸売業,プライム
8079.T,正栄食品工業,卸売業,プライム
8081.T,カナデン,卸売業,プライム
8084.T,ＲＹＯＤＥＮ,卸売業,プライム
8085.T,ナラサキ産業,卸売業,スタンダード
8086.T,ニプロ,精密機器,プライム
8088.T,岩谷産業,卸売業,プライム
8089.T,ナイス,卸売業,スタンダード
8091.T,ニチモウ,卸売業,プライム
8093.T,極東貿易,卸売業,プライム
8095.T,アステナホールディングス,卸売業,プライム
8097.T,三愛オブリ,卸売業,プライム
8098.T,稲畑産業,卸売業,プライム
8101.T,ＧＳＩクレオス,卸売業,プライム
8103.T,明和産業,卸売業,プライム
8104.T,クワザワホールディングス,卸売業,スタンダード
8105.T,Ｂｉｔｃｏｉｎ　Ｊａｐａｎ,卸売業,スタンダード
8107.T,キムラタン,繊維製品,スタンダード
8111.T,ゴールドウイン,繊維製品,プライム
8113.T,ユニ・チャーム,化学,プライム
8115.T,ムーンバット,卸売業,スタンダード
8117.T,中央自動車工業,卸売業,スタンダード
8118.T,キング,繊維製品,スタンダード
8119.T,三栄コーポレーション,卸売業,スタンダード
8123.T,川辺,卸売業,スタンダード
8125.T,ワキタ,卸売業,プライム
8127.T,ヤマトインターナショナル,繊維製品,スタンダード
8129.T,東邦ホールディングス,卸売業,プライム
8130.T,サンゲツ,卸売業,プライム
8131.T,ミツウロコグループホールディングス,卸売業,スタンダード
8132.T,シナネンホールディングス,卸売業,プライム
8133.T,伊藤忠エネクス,卸売業,プライム
8135.T,ゼット,卸売業,スタンダード
8136.T,サンリオ,卸売業,プライム
8137.T,サンワテクノス,卸売業,プライム
8138.T,三京化成,卸売業,スタンダード
8139.T,ナガホリ,卸売業,スタンダード
8141.T,新光商事,卸売業,プライム
8142.T,トーホー,卸売業,プライム
8143.T,ラピーヌ,繊維製品,スタンダード
8144.T,デンキョーグループホールディングス,卸売業,スタンダード
8147.T,トミタ,卸売業,スタンダード
8150.T,三信電気,卸売業,プライム
8151.T,東陽テクニカ,卸売業,プライム
8152.T,ソマール,卸売業,スタンダード
8153.T,モスフードサービス,卸売業,プライム
8154.T,加賀電子,卸売業,プライム
8157.T,都築電気,情報・通信業,プライム
8158.T,ソーダニッカ,卸売業,プライム
8159.T,立花エレテック,卸売業,プライム
8160.T,木曽路,小売業,プライム
8163.T,ＳＲＳホールディングス,小売業,プライム
8165.T,千趣会,小売業,スタンダード
8166.T,タカキュー,小売業,スタンダード
8167.T,リテールパートナーズ,小売業,プライム
8173.T,上新電機,小売業,プライム
8174.T,日本瓦斯,小売業,プライム
8179.T,ロイヤルホールディングス,小売業,プライム
8181.T,東天紅,小売業,スタンダード
8185.T,チヨダ,小売業,プライム
8194.T,ライフコーポレーション,小売業,プライム
8198.T,マックスバリュ東海,小売業,スタンダード
8200.T,リンガーハット,小売業,プライム
8202.T,ラオックスホールディングス,小売業,スタンダード
8203.T,ＭｒＭａｘＨＤ,小売業,プライム
8207.T,テンアライド,小売業,スタンダード
8209.T,フレンドリー,小売業,スタンダード
8214.T,ＡＯＫＩホールディングス,小売業,プライム
8217.T,オークワ,小売業,プライム
8218.T,コメリ,小売業,プライム
8219.T,青山商事,小売業,プライム
8225.T,タカチホ,卸売業,スタンダード
8226.T,理経,卸売業,スタンダード
8227.T,しまむら,小売業,プライム
8230.T,はせがわ,小売業,スタンダード
8233.T,高島屋,小売業,プライム
8237.T,松屋,小売業,プライム
8242.T,エイチ・ツー・オー　リテイリング,小売業,プライム
8244.T,近鉄百貨店,小売業,スタンダード
8247.T,大和,小売業,スタンダード
8252.T,丸井グループ,小売業,プライム
8253.T,クレディセゾン,その他金融業,プライム
8254.T,さいか屋,小売業,スタンダード
8255.T,アクシアル　リテイリング,小売業,プライム
8260.T,井筒屋,小売業,スタンダード
8267.T,イオン,小売業,プライム
8273.T,イズミ,小売業,プライム
8275.T,フォーバル,卸売業,スタンダード
8276.T,平和堂,小売業,プライム
8278.T,フジ,小売業,プライム
8281.T,ゼビオホールディングス,小売業,プライム
8282.T,ケーズホールディングス,小売業,プライム
8283.T,ＰＡＬＴＡＣ,卸売業,プライム
8285.T,三谷産業,卸売業,スタンダード
8289.T,Ｏｌｙｍｐｉｃグループ,小売業,スタンダード
8291.T,日産東京販売ホールディングス,小売業,スタンダード
8303.T,ＳＢＩ新生銀行,銀行業,プライム
8304.T,あおぞら銀行,銀行業,プライム
8306.T,三菱ＵＦＪフィナンシャル・グループ,銀行業,プライム
8308.T,りそなホールディングス,銀行業,プライム
8309.T,三井住友トラストグループ,銀行業,プライム
8316.T,三井住友フィナンシャルグループ,銀行業,プライム
8331.T,千葉銀行,銀行業,プライム
8334.T,群馬銀行,銀行業,プライム
8336.T,武蔵野銀行,銀行業,プライム
8337.T,千葉興業銀行,銀行業,プライム
8338.T,筑波銀行,銀行業,プライム
8341.T,七十七銀行,銀行業,プライム
8343.T,秋田銀行,銀行業,プライム
8344.T,山形銀行,銀行業,プライム
8345.T,岩手銀行,銀行業,プライム
8346.T,東邦銀行,銀行業,プライム
8349.T,東北銀行,銀行業,スタンダード
8354.T,ふくおかフィナンシャルグループ,銀行業,プライム
8358.T,スルガ銀行,銀行業,プライム
8359.T,八十二長野銀行,銀行業,プライム
8360.T,山梨中央銀行,銀行業,プライム
8361.T,大垣共立銀行,銀行業,プライム
8362.T,福井銀行,銀行業,プライム
8364.T,清水銀行,銀行業,プライム
8365.T,富山銀行,銀行業,スタンダード
8366.T,滋賀銀行,銀行業,プライム
8367.T,南都銀行,銀行業,プライム
8368.T,百五銀行,銀行業,プライム
8370.T,紀陽銀行,銀行業,プライム
8377.T,ほくほくフィナンシャルグループ,銀行業,プライム
8381.T,山陰合同銀行,銀行業,プライム
8383.T,鳥取銀行,銀行業,スタンダード
8386.T,百十四銀行,銀行業,プライム
8387.T,四国銀行,銀行業,プライム
8388.T,阿波銀行,銀行業,プライム
8392.T,大分銀行,銀行業,プライム
8393.T,宮崎銀行,銀行業,プライム
8395.T,佐賀銀行,銀行業,プライム
8399.T,琉球銀行,銀行業,プライム
8410.T,セブン銀行,銀行業,プライム
8411.T,みずほフィナンシャルグループ,銀行業,プライム
8416.T,高知銀行,銀行業,スタンダード
8418.T,山口フィナンシャルグループ,銀行業,プライム
8424.T,芙蓉総合リース,その他金融業,プライム
8425.T,みずほリース,その他金融業,プライム
8439.T,東京センチュリー,その他金融業,プライム
8473.T,ＳＢＩホールディングス,証券、商品先物取引業,プライム
8508.T,Ｊトラスト,その他金融業,スタンダード
8511.T,日本証券金融,その他金融業,プライム
8515.T,アイフル,その他金融業,プライム
8518.T,日本アジア投資,証券、商品先物取引業,スタンダード
8522.T,名古屋銀行,銀行業,プライム
8524.T,北洋銀行,銀行業,プライム
8537.T,大光銀行,銀行業,スタンダード
8541.T,愛媛銀行,銀行業,プライム
8542.T,トマト銀行,銀行業,スタンダード
8544.T,京葉銀行,銀行業,プライム
8550.T,栃木銀行,銀行業,プライム
8551.T,北日本銀行,銀行業,プライム
8558.T,東和銀行,銀行業,プライム
8562.T,福島銀行,銀行業,スタンダード
8563.T,大東銀行,銀行業,スタンダード
8566.T,リコーリース,その他金融業,プライム
8570.T,イオンフィナンシャルサービス,その他金融業,プライム
8572.T,アコム,その他金融業,スタンダード
8584.T,ジャックス,その他金融業,プライム
8585.T,オリエントコーポレーション,その他金融業,プライム
8591.T,オリックス,その他金融業,プライム
8593.T,三菱ＨＣキャピタル,その他金融業,プライム
8595.T,ジャフコ　グループ,証券、商品先物取引業,プライム
8596.T,九州リースサービス,その他金融業,スタンダード
8600.T,トモニホールディングス,銀行業,プライム
8601.T,大和証券グループ本社,証券、商品先物取引業,プライム
8604.T,野村ホールディングス,証券、商品先物取引業,プライム
8609.T,岡三証券グループ,証券、商品先物取引業,プライム
8613.T,丸三証券,証券、商品先物取引業,プライム
8614.T,東洋証券,証券、商品先物取引業,プライム
8616.T,東海東京フィナンシャル・ホールディングス,証券、商品先物取引業,プライム
8617.T,光世証券,証券、商品先物取引業,スタンダード
8622.T,水戸証券,証券、商品先物取引業,プライム
8624.T,いちよし証券,証券、商品先物取引業,プライム
8628.T,松井証券,証券、商品先物取引業,プライム
8630.T,ＳＯＭＰＯホールディングス,保険業,プライム
8697.T,日本取引所グループ,その他金融業,プライム
8698.T,マネックスグループ,証券、商品先物取引業,プライム
8699.T,ＨＳホールディングス,証券、商品先物取引業,スタンダード
8700.T,丸八証券,証券、商品先物取引業,スタンダード
8704.T,トレイダーズホールディングス,証券、商品先物取引業,スタンダード
8705.T,日産証券グループ,証券、商品先物取引業,スタンダード
8706.T,極東証券,証券、商品先物取引業,プライム
8707.T,岩井コスモホールディングス,証券、商品先物取引業,プライム
8708.T,アイザワ証券グループ,証券、商品先物取引業,プライム
8713.T,フィデアホールディングス,銀行業,プライム
8714.T,池田泉州ホールディングス,銀行業,プライム
8715.T,アニコム　ホールディングス,保険業,プライム
8725.T,ＭＳ＆ＡＤインシュアランスグループホールディングス,保険業,プライム
8729.T,ソニーフィナンシャルグループ,保険業,プライム
8737.T,あかつき本社,証券、商品先物取引業,スタンダード
8739.T,スパークス・グループ,証券、商品先物取引業,プライム
8742.T,小林洋行,証券、商品先物取引業,スタンダード
8746.T,ｕｎｂａｎｋｅｄ,証券、商品先物取引業,スタンダード
8747.T,豊トラスティ証券,証券、商品先物取引業,スタンダード
8750.T,第一生命ホールディングス,保険業,プライム
8766.T,東京海上ホールディングス,保険業,プライム
8769.T,アドバンテッジリスクマネジメント,サービス業,スタンダード
8771.T,イー・ギャランティ,その他金融業,プライム
8772.T,アサックス,その他金融業,スタンダード
8783.T,ａｂｃ,その他金融業,スタンダード
8789.T,フィンテック　グローバル,その他金融業,スタンダード
8793.T,ＮＥＣキャピタルソリューション,その他金融業,プライム
8795.T,Ｔ＆Ｄホールディングス,保険業,プライム
8798.T,アドバンスクリエイト,保険業,プライム
8801.T,三井不動産,不動産業,プライム
8802.T,三菱地所,不動産業,プライム
8803.T,平和不動産,不動産業,プライム
8804.T,東京建物,不動産業,プライム
8818.T,京阪神ビルディング,不動産業,プライム
8830.T,住友不動産,不動産業,プライム
8835.T,太平洋興発,卸売業,スタンダード
8836.T,ＲＩＳＥ,不動産業,スタンダード
8841.T,テーオーシー,不動産業,スタンダード
8844.T,コスモスイニシア,不動産業,スタンダード
8848.T,レオパレス２１,不動産業,プライム
8850.T,スターツコーポレーション,不動産業,プライム
8860.T,フジ住宅,不動産業,プライム
8864.T,空港施設,不動産業,スタンダード
8869.T,明和地所,不動産業,スタンダード
8871.T,ゴールドクレスト,不動産業,スタンダード
8876.T,リログループ,サービス業,プライム
8877.T,エスリード,不動産業,プライム
8881.T,日神グループホールディングス,不動産業,プライム
8887.T,シーラホールディングス,不動産業,スタンダード
8891.T,ＡＭＧホールディングス,不動産業,スタンダード
8892.T,エスコン,不動産業,プライム
8894.T,ＲＥＶＯＬＵＴＩＯＮ,不動産業,スタンダード
8897.T,ＭＩＲＡＲＴＨホールディングス,不動産業,プライム
8898.T,センチュリー２１・ジャパン,不動産業,スタンダード
8904.T,ＡＶＡＮＴＩＡ,不動産業,スタンダード
8908.T,毎日コムネット,不動産業,スタンダード
8912.T,エリアクエスト,不動産業,スタンダード
8914.T,エリアリンク,不動産業,スタンダード
8917.T,ファースト住建,不動産業,スタンダード
8918.T,ランド,不動産業,スタンダード
8919.T,カチタス,不動産業,プライム
8920.T,東祥,サービス業,スタンダード
8923.T,トーセイ,不動産業,プライム
8927.T,明豊エンタープライズ,不動産業,スタンダード
8928.T,穴吹興産,不動産業,スタンダード
8929.T,青山財産ネットワークス,不動産業,スタンダード
8931.T,和田興産,不動産業,スタンダード
8934.T,サンフロンティア不動産,不動産業,プライム
8935.T,ＦＪネクストホールディングス,不動産業,プライム
8938.T,グローム・ホールディングス,不動産業,グロース
8944.T,ランドビジネス,不動産業,スタンダード
8945.T,サンネクスタグループ,不動産業,スタンダード
8946.T,ＡＳＩＡＮ　ＳＴＡＲ,不動産業,スタンダード
8995.T,誠建設工業,不動産業,スタンダード
8996.T,ハウスフリーダム,不動産業,スタンダード
8999.T,グランディハウス,不動産業,プライム
9001.T,東武鉄道,陸運業,プライム
9003.T,相鉄ホールディングス,陸運業,プライム
9005.T,東急,陸運業,プライム
9006.T,京浜急行電鉄,陸運業,プライム
9007.T,小田急電鉄,陸運業,プライム
9008.T,京王電鉄,陸運業,プライム
9009.T,京成電鉄,陸運業,プライム
9010.T,富士急行,陸運業,プライム
9012.T,秩父鉄道,陸運業,スタンダード
9017.T,新潟交通,陸運業,スタンダード
9020.T,東日本旅客鉄道,陸運業,プライム
9021.T,西日本旅客鉄道,陸運業,プライム
9022.T,東海旅客鉄道,陸運業,プライム
9023.T,東京地下鉄,陸運業,プライム
9024.T,西武ホールディングス,陸運業,プライム
9025.T,鴻池運輸,陸運業,プライム
9028.T,ゼロ,陸運業,スタンダード
9029.T,ヒガシホールディングス,陸運業,スタンダード
9031.T,西日本鉄道,陸運業,プライム
9033.T,広島電鉄,陸運業,スタンダード
9034.T,南総通運,陸運業,スタンダード
9036.T,東部ネットワーク,陸運業,スタンダード
9037.T,ハマキョウレックス,陸運業,プライム
9039.T,サカイ引越センター,陸運業,プライム
9041.T,近鉄グループホールディングス,陸運業,プライム
9042.T,阪急阪神ホールディングス,陸運業,プライム
9044.T,南海電気鉄道,陸運業,プライム
9045.T,京阪ホールディングス,陸運業,プライム
9046.T,神戸電鉄,陸運業,プライム
9048.T,名古屋鉄道,陸運業,プライム
9049.T,京福電気鉄道,陸運業,スタンダード
9051.T,センコン物流,陸運業,スタンダード
9052.T,山陽電気鉄道,陸運業,プライム
9057.T,遠州トラック,陸運業,スタンダード
9059.T,カンダホールディングス,陸運業,スタンダード
9060.T,日本ロジテム,陸運業,スタンダード
9063.T,岡山県貨物運送,陸運業,スタンダード
9064.T,ヤマトホールディングス,陸運業,プライム
9065.T,山九,陸運業,プライム
9067.T,丸運,陸運業,スタンダード
9068.T,丸全昭和運輸,陸運業,プライム
9069.T,センコーグループホールディングス,陸運業,プライム
9072.T,ニッコンホールディングス,陸運業,プライム
9073.T,京極運輸商事,陸運業,スタンダード
9074.T,日本石油輸送,陸運業,スタンダード
9075.T,福山通運,陸運業,プライム
9076.T,セイノーホールディングス,陸運業,プライム
9081.T,神奈川中央交通,陸運業,プライム
9082.T,大和自動車交通,陸運業,スタンダード
9083.T,神姫バス,陸運業,スタンダード
9087.T,タカセ,陸運業,スタンダード
9090.T,ＡＺ－ＣＯＭ丸和ホールディングス,陸運業,プライム
9101.T,日本郵船,海運業,プライム
9104.T,商船三井,海運業,プライム
9107.T,川崎汽船,海運業,プライム
9110.T,ＮＳユナイテッド海運,海運業,プライム
9115.T,明海グループ,海運業,スタンダード
9119.T,飯野海運,海運業,プライム
9127.T,玉井商船,海運業,スタンダード
9130.T,共栄タンカー,海運業,スタンダード
9142.T,九州旅客鉄道,陸運業,プライム
9143.T,ＳＧホールディングス,陸運業,プライム
9145.T,ビーイングホールディングス,陸運業,スタンダード
9147.T,ＮＩＰＰＯＮ　ＥＸＰＲＥＳＳホールディングス,陸運業,プライム
9158.T,シーユーシー,サービス業,グロース
9159.T,Ｗ　ＴＯＫＹＯ,サービス業,グロース
9160.T,ノバレーゼ,サービス業,スタンダード
9162.T,ブリーチ,サービス業,グロース
9163.T,ナレルグループ,サービス業,グロース
9165.T,クオルテック,サービス業,グロース
9166.T,ＧＥＮＤＡ,サービス業,グロース
9168.T,ライズ・コンサルティング・グループ,サービス業,グロース
9171.T,栗林商船,海運業,スタンダード
9173.T,東海汽船,海運業,スタンダード
9193.T,東京汽船,倉庫・運輸関連業,スタンダード
9201.T,日本航空,空運業,プライム
9202.T,ＡＮＡホールディングス,空運業,プライム
92025.T,ＡＮＡホールディングス第１回社債型種類株式,空運業,プライム
9204.T,スカイマーク,空運業,グロース
9206.T,スターフライヤー,空運業,スタンダード
9211.T,エフ・コード,サービス業,グロース
9212.T,Ｇｒｅｅｎ　Ｅａｒｔｈ　Ｉｎｓｔｉｔｕｔｅ,サービス業,グロース
9213.T,セイファート,サービス業,スタンダード
9214.T,Ｒｅｃｏｖｅｒｙ　Ｉｎｔｅｒｎａｔｉｏｎａｌ,サービス業,グロース
9215.T,ＣａＳｙ,サービス業,グロース
9216.T,ビーウィズ,サービス業,プライム
9218.T,メンタルヘルステクノロジーズ,サービス業,グロース
9219.T,ギックス,サービス業,グロース
9220.T,エフビー介護サービス,サービス業,スタンダード
9221.T,フルハシＥＰＯ,サービス業,スタンダード
9223.T,ＡＳＮＯＶＡ,サービス業,グロース
9225.T,ブリッジコンサルティンググループ,サービス業,グロース
9227.T,マイクロ波化学,サービス業,グロース
9229.T,サンウェルズ,サービス業,プライム
9233.T,アジア航測,空運業,スタンダード
9235.T,売れるネット広告社グループ,サービス業,グロース
9236.T,ジャパンＭ＆Ａソリューション,サービス業,グロース
9237.T,笑美面,サービス業,グロース
9238.T,バリュークリエーション,サービス業,グロース
9240.T,デリバリーコンサルティング,サービス業,グロース
9241.T,フューチャーリンクネットワーク,サービス業,グロース
9242.T,メディア総研,サービス業,グロース
9244.T,デジタリフト,サービス業,グロース
9245.T,リベロ,サービス業,グロース
9246.T,プロジェクトホールディングス,サービス業,グロース
9247.T,ＴＲＥホールディングス,サービス業,プライム
9248.T,人・夢・技術グループ,サービス業,スタンダード
9249.T,日本エコシステム,サービス業,スタンダード
9250.T,ＧＲＣＳ,サービス業,グロース
9251.T,ＡＢ＆Ｃｏｍｐａｎｙ,サービス業,グロース
9252.T,ラストワンマイル,サービス業,グロース
9253.T,スローガン,サービス業,グロース
9254.T,ラバブルマーケティンググループ,サービス業,グロース
9256.T,サクシード,サービス業,グロース
9258.T,ＣＳ－Ｃ,サービス業,グロース
9259.T,タカヨシホールディングス,サービス業,グロース
9262.T,シルバーライフ,小売業,スタンダード
9264.T,ポエック,卸売業,スタンダード
9265.T,ヤマシタヘルスケアホールディングス,卸売業,スタンダード
9267.T,Ｇｅｎｋｙ　ＤｒｕｇＳｔｏｒｅｓ,小売業,プライム
9268.T,オプティマスグループ,卸売業,スタンダード
9270.T,バリュエンスホールディングス,卸売業,グロース
9271.T,和心,小売業,グロース
9272.T,ブティックス,サービス業,グロース
9273.T,コーア商事ホールディングス,卸売業,プライム
9274.T,ＫＰＰグループホールディングス,卸売業,プライム
9278.T,ブックオフグループホールディングス,小売業,プライム
9279.T,ギフトホールディングス,小売業,プライム
9301.T,三菱倉庫,倉庫・運輸関連業,プライム
9302.T,三井倉庫ホールディングス,倉庫・運輸関連業,プライム
9303.T,住友倉庫,倉庫・運輸関連業,プライム
9304.T,澁澤倉庫,倉庫・運輸関連業,プライム
9305.T,ヤマタネ,卸売業,プライム
9306.T,東陽倉庫,倉庫・運輸関連業,スタンダード
9307.T,杉村倉庫,倉庫・運輸関連業,スタンダード
9308.T,乾汽船,海運業,スタンダード
9310.T,日本トランスシティ,倉庫・運輸関連業,プライム
9311.T,アサガミ,倉庫・運輸関連業,スタンダード
9312.T,ケイヒン,倉庫・運輸関連業,スタンダード
9313.T,丸八倉庫,倉庫・運輸関連業,スタンダード
9319.T,中央倉庫,倉庫・運輸関連業,プライム
9322.T,川西倉庫,倉庫・運輸関連業,スタンダード
9324.T,安田倉庫,倉庫・運輸関連業,プライム
9325.T,ファイズホールディングス,倉庫・運輸関連業,スタンダード
9326.T,関通,倉庫・運輸関連業,グロース
9327.T,イー・ロジット,倉庫・運輸関連業,スタンダード
9330.T,揚羽,サービス業,グロース
9331.T,キャスター,サービス業,グロース
9332.T,ＮＩＳＳＯホールディングス,サービス業,プライム
9336.T,大栄環境,サービス業,プライム
9337.T,トリドリ,サービス業,グロース
9338.T,ＩＮＦＯＲＩＣＨ,サービス業,グロース
9339.T,コーチ・エィ,サービス業,スタンダード
9340.T,アソインターナショナル,サービス業,スタンダード
9341.T,ＧＥＮＯＶＡ,サービス業,プライム
9342.T,スマサポ,サービス業,グロース
9343.T,アイビス,サービス業,グロース
9344.T,アクシスコンサルティング,サービス業,グロース
9345.T,ビズメイツ,サービス業,グロース
9346.T,ココルポート,サービス業,グロース
9347.T,日本管財ホールディングス,サービス業,プライム
9348.T,ｉｓｐａｃｅ,サービス業,グロース
9351.T,東洋埠頭,倉庫・運輸関連業,スタンダード
9353.T,櫻島埠頭,倉庫・運輸関連業,スタンダード
9355.T,リンコーコーポレーション,倉庫・運輸関連業,スタンダード
9360.T,鈴与シンワート,情報・通信業,スタンダード
9361.T,伏木海陸運送,倉庫・運輸関連業,スタンダード
9362.T,兵機海運,倉庫・運輸関連業,スタンダード
9363.T,大運,倉庫・運輸関連業,スタンダード
9364.T,上組,倉庫・運輸関連業,プライム
9365.T,トレーディア,倉庫・運輸関連業,スタンダード
9366.T,サンリツ,倉庫・運輸関連業,スタンダード
9367.T,大東港運,倉庫・運輸関連業,スタンダード
9368.T,キムラユニティー,倉庫・運輸関連業,スタンダード
9369.T,キユーソー流通システム,倉庫・運輸関連業,スタンダード
9376.T,ユーラシア旅行社,サービス業,スタンダード
9380.T,東海運,倉庫・運輸関連業,スタンダード
9381.T,エーアイテイー,倉庫・運輸関連業,プライム
9385.T,ショーエイコーポレーション,化学,スタンダード
9401.T,ＴＢＳホールディングス,情報・通信業,プライム
9404.T,日本テレビホールディングス,情報・通信業,プライム
9405.T,朝日放送グループホールディングス,情報・通信業,プライム
9408.T,ＢＳＮメディアホールディングス,情報・通信業,スタンダード
9409.T,テレビ朝日ホールディングス,情報・通信業,プライム
9412.T,スカパーＪＳＡＴホールディングス,情報・通信業,プライム
9413.T,テレビ東京ホールディングス,情報・通信業,プライム
9414.T,日本ＢＳ放送,情報・通信業,スタンダード
9416.T,ビジョン,情報・通信業,プライム
9417.T,スマートバリュー,情報・通信業,スタンダード
9418.T,Ｕ－ＮＥＸＴ　ＨＯＬＤＩＮＧＳ,情報・通信業,プライム
9419.T,ワイヤレスゲート,情報・通信業,スタンダード
9421.T,エヌジェイホールディングス,情報・通信業,スタンダード
9423.T,フォーバル・リアルストレート,情報・通信業,スタンダード
9424.T,日本通信,情報・通信業,プライム
9425.T,ＲｅＹｕｕ　Ｊａｐａｎ,情報・通信業,スタンダード
9428.T,クロップス,情報・通信業,スタンダード
9432.T,ＮＴＴ,情報・通信業,プライム
9433.T,ＫＤＤＩ,情報・通信業,プライム
9434.T,ソフトバンク,情報・通信業,プライム
94345.T,ソフトバンク第１回社債型種類株式,情報・通信業,プライム
94346.T,ソフトバンク第２回社債型種類株式,情報・通信業,プライム
9435.T,光通信,情報・通信業,プライム
9436.T,沖縄セルラー電話,情報・通信業,スタンダード
9438.T,エムティーアイ,情報・通信業,プライム
9439.T,エム・エイチ・グループ,サービス業,スタンダード
9441.T,ベルパーク,情報・通信業,スタンダード
9444.T,トーシンホールディングス,情報・通信業,スタンダード
9445.T,フォーバルテレコム,情報・通信業,スタンダード
9446.T,サカイホールディングス,情報・通信業,スタンダード
9449.T,ＧＭＯインターネットグループ,情報・通信業,プライム
9450.T,ファイバーゲート,情報・通信業,スタンダード
9466.T,アイドママーケティングコミュニケーション,情報・通信業,スタンダード
9467.T,アルファポリス,情報・通信業,グロース
9468.T,ＫＡＤＯＫＡＷＡ,情報・通信業,プライム
9470.T,学研ホールディングス,情報・通信業,プライム
9474.T,ゼンリン,情報・通信業,プライム
9475.T,昭文社ホールディングス,情報・通信業,スタンダード
9476.T,中央経済社ホールディングス,情報・通信業,スタンダード
9478.T,ＳＥホールディングス・アンド・インキュベーションズ,情報・通信業,スタンダード
9501.T,東京電力ホールディングス,電気・ガス業,プライム
9502.T,中部電力,電気・ガス業,プライム
9503.T,関西電力,電気・ガス業,プライム
9504.T,中国電力,電気・ガス業,プライム
9505.T,北陸電力,電気・ガス業,プライム
9506.T,東北電力,電気・ガス業,プライム
9507.T,四国電力,電気・ガス業,プライム
9508.T,九州電力,電気・ガス業,プライム
9509.T,北海道電力,電気・ガス業,プライム
9511.T,沖縄電力,電気・ガス業,プライム
9513.T,電源開発,電気・ガス業,プライム
9514.T,エフオン,電気・ガス業,スタンダード
9517.T,イーレックス,電気・ガス業,プライム
9519.T,レノバ,電気・ガス業,プライム
9531.T,東京瓦斯,電気・ガス業,プライム
9532.T,大阪瓦斯,電気・ガス業,プライム
9533.T,東邦瓦斯,電気・ガス業,プライム
9534.T,北海道瓦斯,電気・ガス業,プライム
9535.T,広島ガス,電気・ガス業,プライム
9536.T,西部ガスホールディングス,電気・ガス業,プライム
9537.T,北陸瓦斯,電気・ガス業,スタンダード
9539.T,京葉瓦斯,電気・ガス業,スタンダード
9543.T,静岡ガス,電気・ガス業,プライム
9551.T,メタウォーター,電気・ガス業,プライム
9552.T,クオンツ総研ホールディングス,サービス業,プライム
9553.T,マイクロアド,サービス業,グロース
9554.T,ＡＶｉＣ,サービス業,グロース
9556.T,ＩＮＴＬＯＯＰ,サービス業,グロース
9557.T,エアークローゼット,サービス業,グロース
9558.T,ジャパニアス,サービス業,グロース
9560.T,プログリット,サービス業,グロース
9561.T,グラッドキューブ,サービス業,グロース
9562.T,ビジネスコーチ,サービス業,グロース
9563.T,Ａｔｌａｓ　Ｔｅｃｈｎｏｌｏｇｉｅｓ,サービス業,グロース
9564.T,ＦＣＥ,サービス業,スタンダード
9565.T,ＧＬＯＥ,サービス業,グロース
9600.T,アイネット,情報・通信業,プライム
9601.T,松竹,情報・通信業,プライム
9602.T,東宝,情報・通信業,プライム
9603.T,エイチ・アイ・エス,サービス業,プライム
9605.T,東映,情報・通信業,プライム
9610.T,ウィルソン・ラーニング　ワールドワイド,サービス業,スタンダード
9612.T,ラックランド,サービス業,プライム
9616.T,共立メンテナンス,サービス業,プライム
9619.T,イチネンホールディングス,サービス業,プライム
9621.T,建設技術研究所,サービス業,プライム
9622.T,スペース,サービス業,プライム
9625.T,セレスポ,サービス業,スタンダード
9627.T,アインホールディングス,小売業,プライム
9628.T,燦ホールディングス,サービス業,プライム
9629.T,ピー・シー・エー,情報・通信業,プライム
9632.T,スバル興業,サービス業,スタンダード
9633.T,東京テアトル,不動産業,スタンダード
9635.T,武蔵野興業,サービス業,スタンダード
9636.T,きんえい,サービス業,スタンダード
9639.T,三協フロンテア,サービス業,スタンダード
9640.T,セゾンテクノロジー,情報・通信業,スタンダード
9644.T,タナベコンサルティンググループ,サービス業,プライム
9647.T,協和コンサルタンツ,サービス業,スタンダード
9651.T,日本プロセス,情報・通信業,スタンダード
9656.T,グリーンランドリゾート,サービス業,スタンダード
9658.T,ビジネスブレイン太田昭和,情報・通信業,プライム
9661.T,歌舞伎座,サービス業,スタンダード
9663.T,ナガワ,サービス業,プライム
9672.T,東京都競馬,サービス業,プライム
9678.T,カナモト,サービス業,プライム
9679.T,ホウライ,サービス業,スタンダード
9682.T,ＤＴＳ,情報・通信業,プライム
9684.T,スクウェア・エニックス・ホールディングス,情報・通信業,プライム
9685.T,ＫＹＣＯＭホールディングス,情報・通信業,スタンダード
9686.T,東洋テック,サービス業,スタンダード
9687.T,ＫＳＫ,情報・通信業,スタンダード
9691.T,両毛システムズ,情報・通信業,スタンダード
9692.T,シーイーシー,情報・通信業,プライム
9697.T,カプコン,情報・通信業,プライム
9698.T,クレオ,情報・通信業,スタンダード
9699.T,ニシオホールディングス,サービス業,プライム
9701.T,東京會舘,サービス業,スタンダード
9702.T,アイ・エス・ビー,情報・通信業,プライム
9704.T,アゴーラ　ホスピタリティー　グループ,サービス業,スタンダード
9706.T,日本空港ビルデング,不動産業,プライム
9708.T,帝国ホテル,サービス業,スタンダード
9709.T,ＮＣＳ＆Ａ,情報・通信業,スタンダード
9713.T,ロイヤルホテル,サービス業,スタンダード
9715.T,トランス・コスモス,サービス業,プライム
9716.T,乃村工藝社,サービス業,プライム
9719.T,ＳＣＳＫ,情報・通信業,プライム
9720.T,ホテル、ニューグランド,サービス業,スタンダード
9722.T,藤田観光,サービス業,プライム
9723.T,京都ホテル,サービス業,スタンダード
9726.T,ＫＮＴ－ＣＴホールディングス,サービス業,スタンダード
9729.T,トーカイ,サービス業,プライム
9731.T,白洋舎,サービス業,スタンダード
9733.T,ナガセ,サービス業,スタンダード
9735.T,セコム,サービス業,プライム
9739.T,ＮＳＷ,情報・通信業,プライム
9740.T,セントラル警備保障,サービス業,プライム
9742.T,アイネス,情報・通信業,プライム
9743.T,丹青社,サービス業,プライム
9744.T,メイテックグループホールディングス,サービス業,プライム
9746.T,ＴＫＣ,情報・通信業,プライム
9753.T,アイエックス・ナレッジ,情報・通信業,スタンダード
9755.T,応用地質,サービス業,プライム
9757.T,船井総研ホールディングス,サービス業,プライム
9759.T,ＮＳＤ,情報・通信業,プライム
9760.T,進学会ホールディングス,サービス業,スタンダード
9761.T,東海リース,サービス業,スタンダード
9763.T,丸建リース,卸売業,スタンダード
9765.T,オオバ,サービス業,プライム
9766.T,コナミグループ,情報・通信業,プライム
9767.T,日建工学,サービス業,スタンダード
9768.T,いであ,サービス業,スタンダード
9769.T,学究社,サービス業,プライム
9776.T,札幌臨床検査センター,サービス業,スタンダード
9778.T,昴,サービス業,スタンダード
9780.T,ハリマビステム,サービス業,スタンダード
9782.T,ディーエムエス,サービス業,スタンダード
9788.T,ナック,サービス業,プライム
9790.T,福井コンピュータホールディングス,情報・通信業,プライム
9791.T,ビケンテクノ,サービス業,スタンダード
9793.T,ダイセキ,サービス業,プライム
9795.T,ステップ,サービス業,プライム
9799.T,旭情報サービス,情報・通信業,スタンダード
9812.T,テーオーホールディングス,卸売業,スタンダード
9816.T,ストライダーズ,不動産業,スタンダード
9818.T,大丸エナウィン,卸売業,スタンダード
9820.T,エムティジェネックス,不動産業,スタンダード
9823.T,マミーマートホールディングス,小売業,スタンダード
9824.T,泉州電業,卸売業,プライム
9827.T,リリカラ,卸売業,スタンダード
9828.T,Ｇｅｎｋｉ　Ｇｌｏｂａｌ　Ｄｉｎｉｎｇ　Ｃｏｎｃｅｐｔｓ,小売業,スタンダード
9830.T,トラスコ中山,卸売業,プライム
9831.T,ヤマダホールディングス,小売業,プライム
9832.T,オートバックスセブン,卸売業,プライム
9835.T,ジュンテンドー,小売業,スタンダード
9837.T,モリト,卸売業,プライム
9842.T,アークランズ,小売業,プライム
9843.T,ニトリホールディングス,小売業,プライム
9845.T,パーカーコーポレーション,化学,スタンダード
9846.T,天満屋ストア,小売業,スタンダード
9849.T,共同紙販ホールディングス,卸売業,スタンダード
9850.T,グルメ杵屋,小売業,プライム
9853.T,銀座ルノアール,小売業,スタンダード
9854.T,愛眼,小売業,スタンダード
9856.T,ケーユーホールディングス,小売業,スタンダード
9857.T,英和,卸売業,スタンダード
9861.T,吉野家ホールディングス,小売業,プライム
9867.T,ソレキア,卸売業,スタンダード
9869.T,加藤産業,卸売業,プライム
9872.T,北恵,卸売業,スタンダード
9876.T,コックス,小売業,スタンダード
9878.T,セキド,小売業,スタンダード
9880.T,イノテック,電気機器,プライム
9882.T,イエローハット,卸売業,プライム
9885.T,シャルレ,卸売業,スタンダード
9887.T,松屋フーズホールディングス,小売業,プライム
9888.T,ＵＥＸ,卸売業,スタンダード
9889.T,ＪＢＣＣホールディングス,情報・通信業,プライム
9890.T,マキヤ,小売業,スタンダード
9895.T,コンセック,卸売業,スタンダード
9896.T,ＪＫホールディングス,卸売業,スタンダード
9900.T,サガミホールディングス,小売業,プライム
9902.T,日伝,卸売業,プライム
9903.T,カンセキ,小売業,スタンダード
9904.T,ベリテ,小売業,スタンダード
9906.T,藤井産業,卸売業,スタンダード
9908.T,日本電計,卸売業,スタンダード
9913.T,日邦産業,卸売業,スタンダード
9914.T,植松商会,卸売業,スタンダード
9927.T,ワットマン,小売業,スタンダード
9928.T,ミロク情報サービス,情報・通信業,プライム
9929.T,平和紙業,卸売業,スタンダード
9930.T,北沢産業,卸売業,スタンダード
9932.T,杉本商事,卸売業,プライム
9934.T,因幡電機産業,卸売業,プライム
9936.T,王将フードサービス,小売業,プライム
9941.T,太洋物産,卸売業,スタンダード
9946.T,ミニストップ,小売業,プライム
9948.T,アークス,小売業,プライム
9950.T,ハチバン,小売業,スタンダード
9955.T,ヨンキュウ,卸売業,スタンダード
9956.T,バローホールディングス,小売業,プライム
9959.T,アシードホールディングス,小売業,スタンダード
9960.T,東テク,卸売業,プライム
9962.T,ミスミグループ本社,卸売業,プライム
9969.T,ショクブン,小売業,スタンダード
9972.T,アルテック,卸売業,スタンダード
9973.T,ＫＯＺＯホールディングス,小売業,スタンダード
9974.T,ベルク,小売業,プライム
9976.T,セキチュー,小売業,スタンダード
9978.T,文教堂グループホールディングス,小売業,スタンダード
9979.T,大庄,小売業,スタンダード
9980.T,ＭＲＫホールディングス,小売業,スタンダード
9982.T,タキヒヨー,卸売業,スタンダード
9983.T,ファーストリテイリング,小売業,プライム
9984.T,ソフトバンクグループ,情報・通信業,プライム
9986.T,蔵王産業,卸売業,スタンダード
9987.T,スズケン,卸売業,プライム
9989.T,サンドラッグ,小売業,プライム
9990.T,サックスバー　ホールディングス,小売業,プライム
9991.T,ジェコス,卸売業,プライム
9993.T,ヤマザワ,小売業,スタンダード
9994.T,やまや,小売業,スタンダード
9996.T,サトー商会,卸売業,スタンダード
9997.T,ベルーナ,小売業,プライム
